"N_Policy","Company","Category","Type_policy","Char","Started","Expired","District","City","Gross","Net","Commissions","id"
"19013096186","ΙΝΤΕΡΣΑΛΟΝΙΚΑ","ΑΥΤΟΚΙΝΗΤΩΝ","Ανανέωση","ΥΚΟ5689","27/12/2016","27/03/2017",NA,NA,65,43.76,8.75,1702
"213027205","ΙΝΤΕΡΣΑΛΟΝΙΚΑ","ΑΥΤΟΚΙΝΗΤΩΝ","Νέο Συμβόλαιο","ΥΚΟ5689","27/06/2016","27/12/2016",NA,NA,127,85.77,17.15,1702
"19012708806","ΙΝΤΕΡΣΑΛΟΝΙΚΑ","ΑΥΤΟΚΙΝΗΤΩΝ","Ανανέωση","ΖΖΝ2819","24/03/2016","24/09/2016","ΑΤΤΙΚΗ","ΠΕΙΡΑΙΑΣ",129,87.41,17.48,1696
"19012708806","ΙΝΤΕΡΣΑΛΟΝΙΚΑ","ΑΥΤΟΚΙΝΗΤΩΝ","Ανανέωση","ΖΖΝ2819","24/09/2016","24/03/2017","ΑΤΤΙΚΗ","ΠΕΙΡΑΙΑΣ",129,87.28,17.46,1696
"19012708806","ΙΝΤΕΡΣΑΛΟΝΙΚΑ","ΑΥΤΟΚΙΝΗΤΩΝ","Νέο Συμβόλαιο","ΖΖΝ2819","24/09/2015","24/03/2016","ΑΤΤΙΚΗ","ΠΕΙΡΑΙΑΣ",129,87.41,17.48,1696
"30144598","ΙΝΤΕΡΑΜΕΡΙΚΑΝ","ΑΥΤΟΚΙΝΗΤΩΝ","Ανανέωση","ΥΖΟ4029","02/10/2015","02/04/2016","ΑΤΤΙΚΗ","ΗΛΙΟΥΠΟΛΗ",117.91,80.78,16.16,1730
"30144598","ΙΝΤΕΡΑΜΕΡΙΚΑΝ","ΑΥΤΟΚΙΝΗΤΩΝ","Ανανέωση","ΥΖΟ4029","02/10/2016","02/04/2017","ΑΤΤΙΚΗ","ΗΛΙΟΥΠΟΛΗ",108.08,74.11,14.82,1730
"30144598","ΙΝΤΕΡΑΜΕΡΙΚΑΝ","ΑΥΤΟΚΙΝΗΤΩΝ","Ανανέωση","ΥΖΟ4029","02/04/2016","02/10/2016","ΑΤΤΙΚΗ","ΗΛΙΟΥΠΟΛΗ",107.15,73.43,14.69,1730
"ΕΚ7763","ΣΥΝΕΤΑΙΡΙΣΤΙΚΗ","ΑΥΤΟΚΙΝΗΤΩΝ","Νέο Συμβόλαιο","ΥΜΕ6273","30/06/2016","30/12/2016","ΑΤΤΙΚΗ","ΚΑΛΛΙΘΕΑ",114.5,78.34,15.67,1764
"19012968583","ΙΝΤΕΡΣΑΛΟΝΙΚΑ","ΑΥΤΟΚΙΝΗΤΩΝ","Ανανέωση","ΥΗΤ8275","05/10/2016","05/04/2017","ΑΤΤΙΚΗ","ΑΘΗΝΑ",145,98.15,19.63,167
"212899599","ΙΝΤΕΡΣΑΛΟΝΙΚΑ","ΑΥΤΟΚΙΝΗΤΩΝ","Νέο Συμβόλαιο","ΥΗΤ8275","05/04/2016","05/10/2016","ΑΤΤΙΚΗ","ΑΘΗΝΑ",132,89.24,17.85,167
"19012954730","ΙΝΤΕΡΣΑΛΟΝΙΚΑ","ΑΥΤΟΚΙΝΗΤΩΝ","Νέο Συμβόλαιο","ΖΜΧ9746","29/03/2016","29/09/2016",NA,NA,128,86.66,17.33,1071
"19012954730","ΙΝΤΕΡΣΑΛΟΝΙΚΑ","ΑΥΤΟΚΙΝΗΤΩΝ","Ανανέωση","ΖΜΧ9746","29/09/2016","29/03/2017",NA,NA,128,86.61,17.32,1071
"6168265","GROUPAMA","ΠΥΡΟΣ","Νέο Συμβόλαιο",NA,"11/08/2016","11/08/2017","ΑΤΤΙΚΗ","ΚΑΛΛΙΘΕΑ",98.39,71.27,17.1,1752
"P0101806450","AIG","ΑΥΤΟΚΙΝΗΤΩΝ","Π Πράξη Μετατροπής","ΙΚΝ1811","24/08/2016","24/02/2017","ΑΤΤΙΚΗ","ΑΘΗΝΑ",50.74,37.88,7.58,69
"P0101806450","AIG","ΑΥΤΟΚΙΝΗΤΩΝ","Νέο Συμβόλαιο","ΙΚΝ1811","24/08/2016","24/02/2017","ΑΤΤΙΚΗ","ΑΘΗΝΑ",189.47,141.16,28.23,69
"31619077762","ΑΓΡΟΤΙΚΗ ΑΣΦΑΛΙΣΤΙΚΗ","ΑΥΤΟΚΙΝΗΤΩΝ","Νέο Συμβόλαιο","ΟΕΙ0545","26/08/2016","26/08/2017","ΑΤΤΙΚΗ","ΑΘΗΝΑ",82.58,56.36,11.27,69
"1497416","INTERNATIONAL LIFE","ΑΥΤΟΚΙΝΗΤΩΝ","Νέο Συμβόλαιο","ΜΥΖ4528","11/02/2016","11/05/2016",NA,NA,33,21.47,4.25,1691
"19012618337","ΙΝΤΕΡΣΑΛΟΝΙΚΑ","ΑΥΤΟΚΙΝΗΤΩΝ","Ανανέωση","ΖΥΝ4248","24/07/2016","24/01/2017",NA,NA,127,85.77,17.15,1130
"19012618337","ΙΝΤΕΡΣΑΛΟΝΙΚΑ","ΑΥΤΟΚΙΝΗΤΩΝ","Ανανέωση","ΖΥΝ4248","24/01/2016","24/07/2016",NA,NA,127,85.9,17.18,1130
"1990887","Eurolife FFH","ΑΥΤΟΚΙΝΗΤΩΝ","Νέο Συμβόλαιο","ΒΧΤ0763","23/10/2016","23/04/2017","ΑΤΤΙΚΗ","ΑΘΗΝΑ",61.38,42.07,8.41,1713
"1990887","Eurolife FFH","ΑΥΤΟΚΙΝΗΤΩΝ","Π Πράξη Μετατροπής","ΒΧΤ0763","31/10/2016","23/04/2017","ΑΤΤΙΚΗ","ΑΘΗΝΑ",2.26,1.57,0.31,1713
"30687605","ΙΝΤΕΡΑΜΕΡΙΚΑΝ","ΑΥΤΟΚΙΝΗΤΩΝ","Νέο Συμβόλαιο","ΒΧΤ0763","23/04/2016","23/10/2016","ΑΤΤΙΚΗ","ΑΘΗΝΑ",61.38,42.18,8.44,1713
"11388028","GENERALI","ΑΥΤΟΚΙΝΗΤΩΝ","Ανανέωση","ΑΤΕ8900","11/12/2016","11/06/2017",NA,NA,96.83,66.34,13.27,1070
"11388028","GENERALI","ΑΥΤΟΚΙΝΗΤΩΝ","Νέο Συμβόλαιο","ΑΤΕ8900","11/06/2016","11/12/2016",NA,NA,96.83,66.34,13.27,1070
"30491378","ΙΝΤΕΡΑΜΕΡΙΚΑΝ","ΑΥΤΟΚΙΝΗΤΩΝ","Νέο Συμβόλαιο","ΑΖΜ2236","17/10/2015","17/04/2016",NA,NA,40.22,27.69,5.54,1734
"30491378","ΙΝΤΕΡΑΜΕΡΙΚΑΝ","ΑΥΤΟΚΙΝΗΤΩΝ","Ανανέωση","ΑΖΜ2236","17/04/2016","17/10/2016",NA,NA,40.22,27.69,5.54,1734
"P0101810550","AIG","ΑΥΤΟΚΙΝΗΤΩΝ","Νέο Συμβόλαιο","ΑΖΜ2236","17/10/2016","17/04/2017",NA,NA,40.61,30.69,6.14,1734
"212878477","ΙΝΤΕΡΣΑΛΟΝΙΚΑ","ΑΥΤΟΚΙΝΗΤΩΝ","Νέο Συμβόλαιο","ΙΕΤ3718","23/03/2016","23/09/2016","ΑΤΤΙΚΗ","ΓΕΡΑΚΑΣ",145,98.28,19.66,1278
"19012947461","ΙΝΤΕΡΣΑΛΟΝΙΚΑ","ΑΥΤΟΚΙΝΗΤΩΝ","Ανανέωση","ΙΕΤ3718","23/09/2016","23/03/2017","ΑΤΤΙΚΗ","ΓΕΡΑΚΑΣ",145,98.15,19.63,1278
"30536548","ΙΝΤΕΡΑΜΕΡΙΚΑΝ","ΑΥΤΟΚΙΝΗΤΩΝ","Νέο Συμβόλαιο","ΥΧΥ59","29/11/2015","29/05/2016","ΑΤΤΙΚΗ","ΓΕΡΑΚΑΣ",53.72,37.02,7.4,1278
"11423329","GENERALI","ΖΩΗΣ","Νέο Συμβόλαιο",NA,"24/08/2016","24/08/2017","ΑΤΤΙΚΗ","ΓΕΡΑΚΑΣ",333.81,238.93,42.26,1278
"30536548","ΙΝΤΕΡΑΜΕΡΙΚΑΝ","ΑΥΤΟΚΙΝΗΤΩΝ","Ανανέωση","ΥΧΥ59","29/05/2016","29/11/2016","ΑΤΤΙΚΗ","ΓΕΡΑΚΑΣ",54.29,37.43,7.49,1278
"P0124031824","AIG","ΑΥΤΟΚΙΝΗΤΩΝ","Νέο Συμβόλαιο","ΥΜΜ5071","01/07/2016","01/07/2017","ΤΡΙΠΟΛΗΣ","ΤΡΙΠΟΛΗ",230.9,172.13,34.43,1233
"50859404","ΕΘΝΙΚΗ Ασφαλιστική","ΑΥΤΟΚΙΝΗΤΩΝ","Ανανέωση","ΙΜΥ5918","28/01/2016","28/07/2016","ΑΤΤΙΚΗ","ΑΘΗΝΑ",236.81,168.93,38.85,1751
"50859404","ΕΘΝΙΚΗ Ασφαλιστική","ΟΔΙΚΗΣ ΒΟΗΘΕΙΑΣ","Π Πράξη Μετατροπής","ΙΜΥ5918","28/01/2016","28/07/2016","ΑΤΤΙΚΗ","ΑΘΗΝΑ",1.83,1.59,0.11,1751
"50859404","ΕΘΝΙΚΗ Ασφαλιστική","ΟΔΙΚΗΣ ΒΟΗΘΕΙΑΣ","Π Πράξη Μετατροπής","ΙΜΥ5918","28/07/2016","28/01/2017","ΑΤΤΙΚΗ","ΑΘΗΝΑ",1.83,1.59,0.11,1751
"50859404","ΕΘΝΙΚΗ Ασφαλιστική","ΑΥΤΟΚΙΝΗΤΩΝ","Ανανέωση","ΙΜΥ5918","28/07/2016","28/01/2017","ΑΤΤΙΚΗ","ΑΘΗΝΑ",231.04,164.82,37.91,1751
"1924559","Eurolife FFH","ΑΥΤΟΚΙΝΗΤΩΝ","Νέο Συμβόλαιο","ΥΜΝ6859","09/12/2015","09/12/2016",NA,NA,217.31,148.71,10.41,1707
"1924559","Eurolife FFH","ΑΥΤΟΚΙΝΗΤΩΝ","Ανανέωση","ΥΜΝ6859","09/12/2016","09/12/2017",NA,NA,234.81,160.65,30.52,1707
"11358412","GENERALI","ΑΥΤΟΚΙΝΗΤΩΝ","Νέο Συμβόλαιο","ΖΚΑ4205","15/04/2016","15/04/2017","ΑΤΤΙΚΗ","ΜΕΛΙΣΣΙΩΝ",311.77,213.66,39.62,734
"ΕΞ0505","ΣΥΝΕΤΑΙΡΙΣΤΙΚΗ","ΑΥΤΟΚΙΝΗΤΩΝ","Νέο Συμβόλαιο","ΖΧΒ7275","30/10/2016","30/04/2017","ΑΤΤΙΚΗ","ΠΑΛΛΗΝΗ",110,75.19,15.04,1767
"1992841","Eurolife FFH","ΑΥΤΟΚΙΝΗΤΩΝ","Νέο Συμβόλαιο","ΙΖΗ4095","01/11/2016","01/05/2017","ΑΤΤΙΚΗ","ΑΘΗΝΑ",105.11,72.21,14.44,1716
"9510091","ΙΝΤΕΡΑΜΕΡΙΚΑΝ","ΑΥΤΟΚΙΝΗΤΩΝ","Ανανέωση","ΙΖΗ4095","01/05/2016","01/11/2016","ΑΤΤΙΚΗ","ΑΘΗΝΑ",105.1,72.03,14.41,1716
"9510091","ΙΝΤΕΡΑΜΕΡΙΚΑΝ","ΑΥΤΟΚΙΝΗΤΩΝ","Ανανέωση","ΙΖΗ4095","01/11/2015","01/05/2016","ΑΤΤΙΚΗ","ΑΘΗΝΑ",104.84,71.84,14.37,1716
"7199706992","INTERASCO","ΑΥΤΟΚΙΝΗΤΩΝ","Νέο Συμβόλαιο","ΙΒΗ2291","21/05/2016","21/11/2016","ΑΤΤΙΚΗ","ΚΑΛΛΙΘΕΑΣ",167.66,110.39,22.08,430
"7199706992","INTERASCO","ΑΥΤΟΚΙΝΗΤΩΝ","Ανανέωση","ΙΒΗ2291","21/11/2016","21/05/2017","ΑΤΤΙΚΗ","ΚΑΛΛΙΘΕΑΣ",160.41,105.68,21.14,430
"7199706992","INTERASCO","ΑΥΤΟΚΙΝΗΤΩΝ","Π Πράξη Μετατροπής","ΙΒΗ2291","21/05/2016","21/11/2016","ΑΤΤΙΚΗ","ΚΑΛΛΙΘΕΑΣ",20.98,13.83,2.77,430
"213160841","ΙΝΤΕΡΣΑΛΟΝΙΚΑ","ΑΥΤΟΚΙΝΗΤΩΝ","Νέο Συμβόλαιο","ΥΧΡ8442","09/10/2016","09/04/2017","ΑΤΤΙΚΗ","ΑΓΙΟΥ ΔΗΜΗ",154,103.88,20.78,1723
"1975571","Eurolife FFH","ΑΥΤΟΚΙΝΗΤΩΝ","Ανανέωση","ΖΜΒ8137","02/12/2016","02/03/2017",NA,NA,57.88,39.58,7.52,1708
"1975571","Eurolife FFH","ΑΥΤΟΚΙΝΗΤΩΝ","Νέο Συμβόλαιο","ΖΜΒ8137","02/09/2016","02/12/2016",NA,NA,58.52,40.02,7.6,1708
"7199721237","INTERASCO","ΑΥΤΟΚΙΝΗΤΩΝ","Νέο Συμβόλαιο","ΙΚΥ8007","16/11/2016","16/11/2017","ΑΤΤΙΚΗ","ΚΑΛΛΙΘΕΑ",303.68,200.12,40.02,766
"31619084409","ΑΓΡΟΤΙΚΗ ΑΣΦΑΛΙΣΤΙΚΗ","ΑΥΤΟΚΙΝΗΤΩΝ","Ανανέωση","ΜΥΕ8352","17/12/2016","17/03/2017","ΛΕΣΒΟΥ","ΠΛΩΜΑΡΙ",40.68,27.78,5.56,1018
"31619084409","ΑΓΡΟΤΙΚΗ ΑΣΦΑΛΙΣΤΙΚΗ","ΑΥΤΟΚΙΝΗΤΩΝ","Νέο Συμβόλαιο","ΜΥΕ8352","17/09/2016","17/12/2016","ΛΕΣΒΟΥ","ΠΛΩΜΑΡΙ",40.68,27.78,5.56,1018
"1984788","Eurolife FFH","ΑΥΤΟΚΙΝΗΤΩΝ","Νέο Συμβόλαιο","ΖΚΝ257","04/10/2016","04/04/2017",NA,NA,51.55,35.36,7.07,1711
"1984788","Eurolife FFH","ΑΥΤΟΚΙΝΗΤΩΝ","Π Πράξη Μετατροπής","ΖΚΝ257","07/10/2016","04/04/2017",NA,NA,1.74,1.2,0.24,1711
"30697185","ΙΝΤΕΡΑΜΕΡΙΚΑΝ","ΑΥΤΟΚΙΝΗΤΩΝ","Νέο Συμβόλαιο","ΖΚΝ257","04/04/2016","04/10/2016",NA,NA,51.54,35.46,7.09,1711
"8170006892","ΕΥΡΩΠΗ ΑΕΓΑ","ΠΥΡΟΣ","Νέο Συμβόλαιο",NA,"31/12/2016","31/12/2017",NA,NA,100.61,69.69,16.38,1759
"1467661","INTERNATIONAL LIFE","ΑΥΤΟΚΙΝΗΤΩΝ","Νέο Συμβόλαιο","ΜΥΖ8585","04/12/2015","04/12/2016","ΛΕΣΒΟΥ","ΠΑΠΠΑΔΟΣ",137,91.5,18.12,621
"7199723589","INTERASCO","ΑΥΤΟΚΙΝΗΤΩΝ","Νέο Συμβόλαιο","ΜΥΖ8585","05/12/2016","05/12/2017","ΛΕΣΒΟΥ","ΠΑΠΠΑΔΟΣ",136.15,89.41,17.88,621
"19012682182","ΙΝΤΕΡΣΑΛΟΝΙΚΑ","ΑΥΤΟΚΙΝΗΤΩΝ","Ανανέωση","ΖΗΤ7017","07/09/2016","07/03/2017",NA,NA,140,95.1,19.02,30
"19012682182","ΙΝΤΕΡΣΑΛΟΝΙΚΑ","ΑΥΤΟΚΙΝΗΤΩΝ","Ανανέωση","ΖΗΤ7017","07/03/2016","07/09/2016",NA,NA,140,95.23,19.05,30
"212613192","ΙΝΤΕΡΣΑΛΟΝΙΚΑ","ΑΥΤΟΚΙΝΗΤΩΝ","Νέο Συμβόλαιο","ΖΗΤ7017","07/09/2015","07/03/2016",NA,NA,140,95.23,19.05,30
"30591690","ΙΝΤΕΡΑΜΕΡΙΚΑΝ","ΑΥΤΟΚΙΝΗΤΩΝ","Νέο Συμβόλαιο","ΑΙΜ7512","24/01/2016","24/07/2016",NA,NA,114.65,78.54,15.71,1733
"30613234","ΙΝΤΕΡΑΜΕΡΙΚΑΝ","ΠΥΡΟΣ","Νέο Συμβόλαιο",NA,"12/01/2016","12/01/2017",NA,NA,84.99,64.02,16.65,1733
"30457374","ΙΝΤΕΡΑΜΕΡΙΚΑΝ","ΑΥΤΟΚΙΝΗΤΩΝ","Ανανέωση","ΑΙΜ2627","05/09/2016","05/03/2017",NA,NA,154.43,105.84,21.17,1733
"30591690","ΙΝΤΕΡΑΜΕΡΙΚΑΝ","ΑΥΤΟΚΙΝΗΤΩΝ","Ανανέωση","ΑΙΜ7512","24/07/2016","24/01/2017",NA,NA,115.92,79.37,15.87,1733
"30457374","ΙΝΤΕΡΑΜΕΡΙΚΑΝ","ΑΥΤΟΚΙΝΗΤΩΝ","Νέο Συμβόλαιο","ΑΙΜ2627","05/09/2015","05/03/2016",NA,NA,159.09,109.02,20.59,1733
"30457374","ΙΝΤΕΡΑΜΕΡΙΚΑΝ","ΑΥΤΟΚΙΝΗΤΩΝ","Ανανέωση","ΑΙΜ2627","05/03/2016","05/09/2016",NA,NA,160.85,110.18,22.04,1733
"19013045447","ΙΝΤΕΡΣΑΛΟΝΙΚΑ","ΑΥΤΟΚΙΝΗΤΩΝ","Ανανέωση","ΖΖΙ5165","23/11/2016","23/05/2017","ΑΤΤΙΚΗ","ΑΓΙΑΣ ΠΑΡΑ",111,75.11,15.02,213
"212976465","ΙΝΤΕΡΣΑΛΟΝΙΚΑ","ΑΥΤΟΚΙΝΗΤΩΝ","Νέο Συμβόλαιο","ΖΖΙ5165","23/05/2016","23/11/2016","ΑΤΤΙΚΗ","ΑΓΙΑΣ ΠΑΡΑ",111,75.11,15.02,213
"212647222","ΙΝΤΕΡΣΑΛΟΝΙΚΑ","ΑΥΤΟΚΙΝΗΤΩΝ","Νέο Συμβόλαιο","ΖΖΖ9490","05/10/2015","05/04/2016","ΑΤΤΙΚΗ","ΙΛΙΟΝ",129,87.41,17.48,1697
"19012716210","ΙΝΤΕΡΣΑΛΟΝΙΚΑ","ΑΥΤΟΚΙΝΗΤΩΝ","Ανανέωση","ΖΖΖ9490","05/04/2016","05/10/2016","ΑΤΤΙΚΗ","ΙΛΙΟΝ",129,87.41,17.48,1697
"19012716210","ΙΝΤΕΡΣΑΛΟΝΙΚΑ","ΑΥΤΟΚΙΝΗΤΩΝ","Ανανέωση","ΖΖΖ9490","05/10/2016","05/04/2017","ΑΤΤΙΚΗ","ΙΛΙΟΝ",129,87.28,17.46,1697
"11458633","GENERALI","ΑΣΤΙΚΗΣ ΕΥΘΥΝΗΣ","Νέο Συμβόλαιο",NA,"08/11/2016","08/11/2017","ΑΤΤΙΚΗ","ΑΘΗΝΑ",146.51,110.78,22.16,1680
"102777243","ALLIANZ ΕΥΡΩΠΑΙΚΗ ΠΙΣΤΗ","ΑΥΤΟΚΙΝΗΤΩΝ","Νέο Συμβόλαιο","ΚΡΖ9759","11/11/2016","11/11/2017",NA,NA,156.63,105.3,21.06,562
"30604914","ΙΝΤΕΡΑΜΕΡΙΚΑΝ","ΑΥΤΟΚΙΝΗΤΩΝ","Νέο Συμβόλαιο","ΙΗΗ1030","30/01/2016","30/07/2016","ΑΤΤΙΚΗ","ΑΘΗΝΑ",151.25,103.67,20.73,1736
"30604914","ΙΝΤΕΡΑΜΕΡΙΚΑΝ","ΑΥΤΟΚΙΝΗΤΩΝ","Ανανέωση","ΙΗΗ1030","30/07/2016","30/01/2017","ΑΤΤΙΚΗ","ΑΘΗΝΑ",152.99,104.82,20.96,1736
"11399357","GENERALI","ΖΩΗΣ","Ανανέωση",NA,"04/11/2016","04/12/2016","ΑΤΤΙΚΗ","ΑΘΗΝΑ",22.02,17.41,2.95,504
"11399357","GENERALI","ΖΩΗΣ","Ανανέωση",NA,"04/09/2016","04/10/2016","ΑΤΤΙΚΗ","ΑΘΗΝΑ",22.02,17.41,2.95,504
"11399357","GENERALI","ΖΩΗΣ","Ανανέωση",NA,"04/10/2016","04/11/2016","ΑΤΤΙΚΗ","ΑΘΗΝΑ",22.02,17.41,2.95,504
"11399357","GENERALI","ΖΩΗΣ","Ανανέωση",NA,"04/08/2016","04/09/2016","ΑΤΤΙΚΗ","ΑΘΗΝΑ",22.02,17.41,2.95,504
"11399357","GENERALI","ΖΩΗΣ","Νέο Συμβόλαιο",NA,"04/07/2016","04/08/2016","ΑΤΤΙΚΗ","ΑΘΗΝΑ",56.75,17.41,2.95,504
"19012624166","ΙΝΤΕΡΣΑΛΟΝΙΚΑ","ΑΥΤΟΚΙΝΗΤΩΝ","Ανανέωση","ΥΗΟ5242","02/02/2016","02/08/2016","ΑΤΤΙΚΗ","ΑΘΗΝΑ",127,85.75,17.15,504
"11399357","GENERALI","ΖΩΗΣ","Ανανέωση",NA,"04/12/2016","04/01/2017","ΑΤΤΙΚΗ","ΑΘΗΝΑ",22.02,17.41,2.95,504
"19012624166","ΙΝΤΕΡΣΑΛΟΝΙΚΑ","ΑΥΤΟΚΙΝΗΤΩΝ","Ανανέωση","ΥΗΟ5242","02/08/2016","02/02/2017","ΑΤΤΙΚΗ","ΑΘΗΝΑ",127,85.75,17.15,504
"ΡΛ7217","ΣΥΝΕΤΑΙΡΙΣΤΙΚΗ","ΑΥΤΟΚΙΝΗΤΩΝ","Ανανέωση","ΗΝΑ3138","06/11/2016","06/05/2017","ΑΙΤΩΛΟΚΑΡΝΑΝΙΑ","ΑΓΡΙΝΙΟ",121,83.59,16.72,171
"ΕΙ3738","ΣΥΝΕΤΑΙΡΙΣΤΙΚΗ","ΑΥΤΟΚΙΝΗΤΩΝ","Νέο Συμβόλαιο","ΗΝΑ3138","06/05/2016","06/11/2016","ΑΙΤΩΛΟΚΑΡΝΑΝΙΑ","ΑΓΡΙΝΙΟ",121,83.59,16.72,171
"31619056545","ΑΓΡΟΤΙΚΗ ΑΣΦΑΛΙΣΤΙΚΗ","ΑΥΤΟΚΙΝΗΤΩΝ","Νέο Συμβόλαιο","ΡΑΒ7397","17/06/2016","17/12/2016","ΛΕΣΒΟΥ","ΓΕΡΑΣ",69.83,47.64,9.53,1745
"31619082838","ΑΓΡΟΤΙΚΗ ΑΣΦΑΛΙΣΤΙΚΗ","ΑΥΤΟΚΙΝΗΤΩΝ","Νέο Συμβόλαιο","ΥΖΧ8381","13/09/2016","13/12/2016","ΛΕΣΒΟΥ","ΠΛΩΜΑΡΙΟΥ",40.68,27.78,5.56,1747
"19012675601","ΙΝΤΕΡΣΑΛΟΝΙΚΑ","ΑΥΤΟΚΙΝΗΤΩΝ","Ανανέωση","ΥΖΡ2746","09/09/2016","09/03/2017","ΑΤΤΙΚΗ","ΚΑΛΛΙΘΕΑΣ",142,96.17,19.23,84
"212606611","ΙΝΤΕΡΣΑΛΟΝΙΚΑ","ΑΥΤΟΚΙΝΗΤΩΝ","Νέο Συμβόλαιο","ΥΖΡ2746","09/09/2015","09/03/2016","ΑΤΤΙΚΗ","ΚΑΛΛΙΘΕΑΣ",142,96.3,19.26,84
"19012675601","ΙΝΤΕΡΣΑΛΟΝΙΚΑ","ΑΥΤΟΚΙΝΗΤΩΝ","Ανανέωση","ΥΖΡ2746","09/03/2016","09/09/2016","ΑΤΤΙΚΗ","ΚΑΛΛΙΘΕΑΣ",142,96.3,19.26,84
"1967849","Eurolife FFH","ΑΥΤΟΚΙΝΗΤΩΝ","Νέο Συμβόλαιο","ΖΚΙ9519","24/07/2016","24/10/2016","ΑΤΤΙΚΗ","ΚΑΛΛΙΘΕΑ",62.14,42.56,8.09,1343
"1967849","Eurolife FFH","ΑΥΤΟΚΙΝΗΤΩΝ","Ανανέωση","ΖΚΙ9519","24/10/2016","24/01/2017","ΑΤΤΙΚΗ","ΚΑΛΛΙΘΕΑ",62.14,42.56,8.09,1343
"31619096670","ΑΓΡΟΤΙΚΗ ΑΣΦΑΛΙΣΤΙΚΗ","ΑΥΤΟΚΙΝΗΤΩΝ","Νέο Συμβόλαιο","ΙΟΝ0729","21/10/2016","21/01/2017",NA,NA,59,40.38,8.08,1748
"1964723","Eurolife FFH","ΑΥΤΟΚΙΝΗΤΩΝ","Νέο Συμβόλαιο","ΖΜΡ2949","05/07/2016","05/01/2017","ΑΤΤΙΚΗ","ΑΘΗΝΑ",126.71,86.68,16.47,672
"1990997","Eurolife FFH","ΑΥΤΟΚΙΝΗΤΩΝ","Νέο Συμβόλαιο","ΚΧΧ2099","24/10/2016","24/01/2017","ΑΤΤΙΚΗ","ΑΤΤΙΚΗ",77.94,53.54,10.17,592
"1950881","Eurolife FFH","ΑΥΤΟΚΙΝΗΤΩΝ","Νέο Συμβόλαιο","ΑΧΙ6123","30/04/2016","30/04/2017","ΑΧΑΪΑΣ","ΑΙΓΙΟ",252.3,172.84,32.84,426
"11307340","GENERALI","ΑΥΤΟΚΙΝΗΤΩΝ","Νέο Συμβόλαιο","ΖΧΑ1107","23/12/2015","23/12/2016",NA,NA,249.34,170.6,34.12,280
"7119600365","INTERASCO","ΖΩΗΣ","Ανανέωση",NA,"02/12/2016","02/03/2017","ΑΤΤΙΚΗ","ΑΤΤΙΚΗ",85.33,62.04,14.39,1700
"212807371","ΙΝΤΕΡΣΑΛΟΝΙΚΑ","ΑΥΤΟΚΙΝΗΤΩΝ","Νέο Συμβόλαιο","ΙΗΝ9637","08/02/2016","08/08/2016","ΑΤΤΙΚΗ","ΑΤΤΙΚΗ",138,93.63,18.73,1700
"7119600365","INTERASCO","ΖΩΗΣ","Ανανέωση",NA,"02/09/2016","02/12/2016","ΑΤΤΙΚΗ","ΑΤΤΙΚΗ",85.29,62,14.38,1700
"7119600365","INTERASCO","ΖΩΗΣ","Νέο Συμβόλαιο",NA,"02/03/2016","02/06/2016","ΑΤΤΙΚΗ","ΑΤΤΙΚΗ",85.29,62.01,14.26,1700
"7119600365","INTERASCO","ΖΩΗΣ","Ανανέωση",NA,"02/06/2016","02/09/2016","ΑΤΤΙΚΗ","ΑΤΤΙΚΗ",85.29,62,14.38,1700
"19012876355","ΙΝΤΕΡΣΑΛΟΝΙΚΑ","ΑΥΤΟΚΙΝΗΤΩΝ","Ανανέωση","ΙΗΝ9637","08/08/2016","08/02/2017","ΑΤΤΙΚΗ","ΑΤΤΙΚΗ",138,93.5,18.7,1700
"212968382","ΙΝΤΕΡΣΑΛΟΝΙΚΑ","ΑΥΤΟΚΙΝΗΤΩΝ","Νέο Συμβόλαιο","ΖΖΟ2671","25/05/2016","25/11/2016","ΑΤΤΙΚΗ","ΚΑΛΛΙΘΕΑ",140,94.66,18.93,994
"19013037364","ΙΝΤΕΡΣΑΛΟΝΙΚΑ","ΑΥΤΟΚΙΝΗΤΩΝ","Ανανέωση","ΖΖΟ2671","25/11/2016","25/05/2017","ΑΤΤΙΚΗ","ΚΑΛΛΙΘΕΑ",140,94.66,18.93,994
"19012677872","ΙΝΤΕΡΣΑΛΟΝΙΚΑ","ΑΥΤΟΚΙΝΗΤΩΝ","Ανανέωση","ΙΖΕ1349","05/03/2016","05/09/2016","ΑΤΤΙΚΗ","ΑΘΗΝΑΙΩΝ",140,95.14,19.03,630
"19012677872","ΙΝΤΕΡΣΑΛΟΝΙΚΑ","ΑΥΤΟΚΙΝΗΤΩΝ","Ανανέωση","ΙΖΕ1349","05/09/2016","05/03/2017","ΑΤΤΙΚΗ","ΑΘΗΝΑΙΩΝ",140,95.01,19,630
"212608882","ΙΝΤΕΡΣΑΛΟΝΙΚΑ","ΑΥΤΟΚΙΝΗΤΩΝ","Νέο Συμβόλαιο","ΙΖΕ1349","05/09/2015","05/03/2016","ΑΤΤΙΚΗ","ΑΘΗΝΑΙΩΝ",140,95.14,19.03,630
"31619098931","ΑΓΡΟΤΙΚΗ ΑΣΦΑΛΙΣΤΙΚΗ","ΑΥΤΟΚΙΝΗΤΩΝ","Νέο Συμβόλαιο","ΜΥΑ4940","31/10/2016","30/04/2017","ΛΕΣΒΟΥ","ΓΕΡΑΣ/ΣΚΟΠΕΛΟΥ",66.88,45.61,9.12,1749
"31619053785","ΑΓΡΟΤΙΚΗ ΑΣΦΑΛΙΣΤΙΚΗ","ΑΥΤΟΚΙΝΗΤΩΝ","Ανανέωση","ΙΗΑ0395","04/12/2016","04/03/2017","ΑΤΤΙΚΗ","ΠΕΙΡΑΙΑΣ",48.62,33.2,6.64,1743
"31619053785","ΑΓΡΟΤΙΚΗ ΑΣΦΑΛΙΣΤΙΚΗ","ΑΥΤΟΚΙΝΗΤΩΝ","Νέο Συμβόλαιο","ΙΗΑ0395","04/06/2016","04/09/2016","ΑΤΤΙΚΗ","ΠΕΙΡΑΙΑΣ",48.62,33.2,6.64,1743
"320753","ALPHA EUROSTATUS ","ΑΥΤΟΚΙΝΗΤΩΝ","Νέο Συμβόλαιο","ΕΚΑ6321","22/11/2016","22/02/2017","ΑΤΤΙΚΗ","ΠΕΙΡΑΙΑΣ",257.24,164.52,11.52,1743
"31619053785","ΑΓΡΟΤΙΚΗ ΑΣΦΑΛΙΣΤΙΚΗ","ΑΥΤΟΚΙΝΗΤΩΝ","Ανανέωση","ΙΗΑ0395","04/09/2016","04/12/2016","ΑΤΤΙΚΗ","ΠΕΙΡΑΙΑΣ",48.62,33.2,6.64,1743
"315924","ALPHA EUROSTATUS ","ΑΥΤΟΚΙΝΗΤΩΝ","Νέο Συμβόλαιο","ΕΚΑ6321","24/08/2016","24/11/2016","ΑΤΤΙΚΗ","ΠΕΙΡΑΙΑΣ",257.24,164.52,11.52,1743
"11305187","GENERALI","ΑΥΤΟΚΙΝΗΤΩΝ","Νέο Συμβόλαιο","ΖΜΥ9691","28/12/2015","28/12/2016","ΑΤΤΙΚΗ","ΜΑΡΟΥΣΙ",306.96,209.96,41.99,421
"2174008592","ΕΥΡΩΠΗ ΑΕΓΑ","ΠΥΡΟΣ","Νέο Συμβόλαιο",NA,"02/09/2016","02/09/2017","ΑΤΤΙΚΗ","ΜΑΡΟΥΣΙ",260.08,180.15,42.34,421
"1488077","INTERNATIONAL LIFE","ΑΥΤΟΚΙΝΗΤΩΝ","Νέο Συμβόλαιο","ΜΥΒ5822","20/01/2016","20/07/2016","ΛΕΣΒΟΥ","ΠΑΠΠΑΔΟΣ",76,50.57,10.02,1689
"02030023257","ERGO A.A.E.Z","ΑΥΤΟΚΙΝΗΤΩΝ","Νέο Συμβόλαιο","ΜΥΒ3292","16/09/2016","16/12/2016","ΛΕΣΒΟΥ","ΠΑΠΠΑΔΟΣ",41,27.5,4.4,290
"3174017542","PRIME INSURANCE","ΠΥΡΟΣ","Νέο Συμβόλαιο",NA,"12/10/2016","12/10/2017","ΛΕΣΒΟΥ","ΜΥΤΙΛΗΝΗ",162.05,117.06,30.4,748
"ΕΜ3524","ΣΥΝΕΤΑΙΡΙΣΤΙΚΗ","ΑΥΤΟΚΙΝΗΤΩΝ","Νέο Συμβόλαιο","ΥΗΕ3154","02/09/2016","02/03/2017","ΑΤΤΙΚΗ","ΚΕΡΑΤΕΑ",101.5,70.58,14.12,402
"30095887","ΙΝΤΕΡΑΜΕΡΙΚΑΝ","ΑΥΤΟΚΙΝΗΤΩΝ","Ανανέωση","ΥΡΥ4215","17/07/2016","17/07/2017","ΑΡΤΑΣ","ΑΡΤΑ",150.59,103.32,20.66,1729
"1507018","INTERNATIONAL LIFE","ΑΥΤΟΚΙΝΗΤΩΝ","Π Πράξη Μετατροπής","ΖΑΒ9785","09/05/2016","03/06/2016","ΖΑΚΥΝΘΟΥ","ΖΑΚΥΝΘΟΣ",2.75,1.98,0.4,1694
"1507018","INTERNATIONAL LIFE","ΑΥΤΟΚΙΝΗΤΩΝ","Νέο Συμβόλαιο","ΖΑΒ9785","03/03/2016","03/06/2016","ΖΑΚΥΝΘΟΥ","ΖΑΚΥΝΘΟΣ",38,25.05,4.96,1694
"1496302","INTERNATIONAL LIFE","ΑΥΤΟΚΙΝΗΤΩΝ","Νέο Συμβόλαιο","ΥΜΡ9236","10/02/2016","10/05/2016","ΛΕΣΒΟΥ","ΠΛΩΜΑΡΙΟΥ",34,22.73,4.5,1690
"102692012","ALLIANZ ΕΥΡΩΠΑΙΚΗ ΠΙΣΤΗ","ΑΥΤΟΚΙΝΗΤΩΝ","Νέο Συμβόλαιο","ΧΙΖ2276","08/08/2016","08/02/2017","ΧΙΟΥ","ΧΙΟΥ",119.69,80.43,16.09,1677
"213246372","ΙΝΤΕΡΣΑΛΟΝΙΚΑ","ΑΥΤΟΚΙΝΗΤΩΝ","Νέο Συμβόλαιο","ΥΚΒ8704","23/12/2016","23/12/2017","ΑΤΤΙΚΗ","ΑΘΗΝΑ",237,160.86,32.17,1725
"11350766","GENERALI","ΖΩΗΣ","Ανανέωση",NA,"28/05/2016","28/06/2016","ΑΤΤΙΚΗ","ΝΕΑ ΙΩΝΙΑ",26.1,20.64,3.5,98
"11350766","GENERALI","ΖΩΗΣ","Ανανέωση",NA,"28/09/2016","28/10/2016","ΑΤΤΙΚΗ","ΝΕΑ ΙΩΝΙΑ",26.1,20.64,3.5,98
"11350769","GENERALI","ΖΩΗΣ","Ανανέωση",NA,"28/09/2016","28/10/2016","ΑΤΤΙΚΗ","ΝΕΑ ΙΩΝΙΑ",22.87,18.08,3.07,98
"11350766","GENERALI","ΖΩΗΣ","Ανανέωση",NA,"28/04/2016","28/05/2016","ΑΤΤΙΚΗ","ΝΕΑ ΙΩΝΙΑ",26.1,20.64,3.5,98
"11350769","GENERALI","ΖΩΗΣ","Ανανέωση",NA,"28/07/2016","28/08/2016","ΑΤΤΙΚΗ","ΝΕΑ ΙΩΝΙΑ",22.87,18.08,3.07,98
"11350769","GENERALI","ΖΩΗΣ","Ανανέωση",NA,"28/08/2016","28/09/2016","ΑΤΤΙΚΗ","ΝΕΑ ΙΩΝΙΑ",22.87,18.08,3.07,98
"11350766","GENERALI","ΖΩΗΣ","Ανανέωση",NA,"28/12/2016","28/01/2017","ΑΤΤΙΚΗ","ΝΕΑ ΙΩΝΙΑ",26.1,20.64,3.5,98
"11350766","GENERALI","ΖΩΗΣ","Ανανέωση",NA,"28/11/2016","28/12/2016","ΑΤΤΙΚΗ","ΝΕΑ ΙΩΝΙΑ",26.1,20.64,3.5,98
"11350766","GENERALI","ΖΩΗΣ","Ανανέωση",NA,"28/07/2016","28/08/2016","ΑΤΤΙΚΗ","ΝΕΑ ΙΩΝΙΑ",26.1,20.64,3.5,98
"11350766","GENERALI","ΖΩΗΣ","Ανανέωση",NA,"28/08/2016","28/09/2016","ΑΤΤΙΚΗ","ΝΕΑ ΙΩΝΙΑ",26.1,20.64,3.5,98
"11350766","GENERALI","ΖΩΗΣ","Ανανέωση",NA,"28/10/2016","28/11/2016","ΑΤΤΙΚΗ","ΝΕΑ ΙΩΝΙΑ",26.1,20.64,3.5,98
"11350769","GENERALI","ΖΩΗΣ","Ανανέωση",NA,"28/06/2016","28/07/2016","ΑΤΤΙΚΗ","ΝΕΑ ΙΩΝΙΑ",22.87,18.08,3.07,98
"11350769","GENERALI","ΖΩΗΣ","Ανανέωση",NA,"28/12/2016","28/01/2017","ΑΤΤΙΚΗ","ΝΕΑ ΙΩΝΙΑ",22.87,18.08,3.07,98
"11350769","GENERALI","ΖΩΗΣ","Ανανέωση",NA,"28/05/2016","28/06/2016","ΑΤΤΙΚΗ","ΝΕΑ ΙΩΝΙΑ",22.87,18.08,3.07,98
"6163693","GROUPAMA","ΠΥΡΟΣ","Νέο Συμβόλαιο",NA,"30/11/2015","30/05/2016","ΑΤΤΙΚΗ","ΝΕΑ ΙΩΝΙΑ",86.5,62.65,15.04,98
"11350766","GENERALI","ΖΩΗΣ","Ανανέωση",NA,"28/06/2016","28/07/2016","ΑΤΤΙΚΗ","ΝΕΑ ΙΩΝΙΑ",26.1,20.64,3.5,98
"11350769","GENERALI","ΖΩΗΣ","Ανανέωση",NA,"28/04/2016","28/05/2016","ΑΤΤΙΚΗ","ΝΕΑ ΙΩΝΙΑ",22.87,18.08,3.07,98
"6163693","GROUPAMA","ΠΥΡΟΣ","Ανανέωση",NA,"30/11/2016","31/05/2017","ΑΤΤΙΚΗ","ΝΕΑ ΙΩΝΙΑ",101.04,73.19,17.57,98
"11350769","GENERALI","ΖΩΗΣ","Νέο Συμβόλαιο",NA,"28/03/2016","28/04/2016","ΑΤΤΙΚΗ","ΝΕΑ ΙΩΝΙΑ",57.6,18.08,3.07,98
"6163693","GROUPAMA","ΠΥΡΟΣ","Π Πράξη Μετατροπής",NA,"26/01/2016","30/05/2016","ΑΤΤΙΚΗ","ΝΕΑ ΙΩΝΙΑ",9.99,7.24,1.74,98
"11350769","GENERALI","ΖΩΗΣ","Ανανέωση",NA,"28/10/2016","28/11/2016","ΑΤΤΙΚΗ","ΝΕΑ ΙΩΝΙΑ",22.87,18.08,3.07,98
"11350766","GENERALI","ΖΩΗΣ","Νέο Συμβόλαιο",NA,"28/03/2016","28/04/2016","ΑΤΤΙΚΗ","ΝΕΑ ΙΩΝΙΑ",60.83,20.64,3.5,98
"11350769","GENERALI","ΖΩΗΣ","Ανανέωση",NA,"28/11/2016","28/12/2016","ΑΤΤΙΚΗ","ΝΕΑ ΙΩΝΙΑ",22.87,18.08,3.07,98
"6163693","GROUPAMA","ΠΥΡΟΣ","Ανανέωση",NA,"30/05/2016","30/11/2016","ΑΤΤΙΚΗ","ΝΕΑ ΙΩΝΙΑ",101.04,73.19,17.57,98
"1984125","Eurolife FFH","ΑΥΤΟΚΙΝΗΤΩΝ","Π Πράξη Μετατροπής","ΟΒΗ0228","07/10/2016","03/04/2017","ΑΙΤΩΛΟΚΑΡΝΑΝΙΑ","ΝΑΥΠΑΚΤΟΣ",2.71,1.88,0.38,1710
"30690306","ΙΝΤΕΡΑΜΕΡΙΚΑΝ","ΑΥΤΟΚΙΝΗΤΩΝ","Νέο Συμβόλαιο","ΟΒΗ0228","03/04/2016","03/10/2016","ΑΙΤΩΛΟΚΑΡΝΑΝΙΑ","ΝΑΥΠΑΚΤΟΣ",66.21,45.54,9.11,1710
"1984125","Eurolife FFH","ΑΥΤΟΚΙΝΗΤΩΝ","Νέο Συμβόλαιο","ΟΒΗ0228","03/10/2016","03/04/2017","ΑΙΤΩΛΟΚΑΡΝΑΝΙΑ","ΝΑΥΠΑΚΤΟΣ",66.22,45.36,9.07,1710
"30469775","ΙΝΤΕΡΑΜΕΡΙΚΑΝ","ΑΥΤΟΚΙΝΗΤΩΝ","Νέο Συμβόλαιο","ΒΧΒ214","18/09/2015","18/03/2016","ΑΤΤΙΚΗ","ΓΑΛΑΤΣΙ",49.58,34.09,6.82,753
"30469775","ΙΝΤΕΡΑΜΕΡΙΚΑΝ","ΑΥΤΟΚΙΝΗΤΩΝ","Ανανέωση","ΒΧΒ214","18/03/2016","18/09/2016","ΑΤΤΙΚΗ","ΓΑΛΑΤΣΙ",50.11,34.45,6.89,753
"30685344","ΙΝΤΕΡΑΜΕΡΙΚΑΝ","ΑΥΤΟΚΙΝΗΤΩΝ","Νέο Συμβόλαιο","ΖΤΝ0315","15/04/2016","15/10/2016","ΑΤΤΙΚΗ","ΝΕΑ ΙΩΝΙΑ",45.85,31.54,6.31,335
"7199718651","INTERASCO","ΑΥΤΟΚΙΝΗΤΩΝ","Νέο Συμβόλαιο","ΙΖΟ6051","20/10/2016","20/10/2017","ΑΤΤΙΚΗ","ΑΘΗΝΑ",298.85,196.96,39.39,1292
"213120765","ΙΝΤΕΡΣΑΛΟΝΙΚΑ","ΑΥΤΟΚΙΝΗΤΩΝ","Νέο Συμβόλαιο","ΙΖΝ7018","14/09/2016","14/03/2017","ΑΤΤΙΚΗ","ΚΑΛΛΙΘΕΑ",144,97.75,19.55,1720
"213184413","ΙΝΤΕΡΣΑΛΟΝΙΚΑ","ΑΥΤΟΚΙΝΗΤΩΝ","Νέο Συμβόλαιο","ΥΖΒ7059","27/10/2016","27/04/2017",NA,NA,156,105.85,21.17,195
"19012883603","ΙΝΤΕΡΣΑΛΟΝΙΚΑ","ΑΥΤΟΚΙΝΗΤΩΝ","Ανανέωση","ΧΤΜ0851","12/08/2016","12/02/2017","ΛΕΣΒΟΥ","ΠΛΩΜΑΡΙ",30,19.85,3.97,482
"212814619","ΙΝΤΕΡΣΑΛΟΝΙΚΑ","ΑΥΤΟΚΙΝΗΤΩΝ","Νέο Συμβόλαιο","ΧΤΜ0851","12/02/2016","12/08/2016","ΛΕΣΒΟΥ","ΠΛΩΜΑΡΙ",35,23.23,4.65,482
"1911144835","AIGAION","ΑΥΤΟΚΙΝΗΤΩΝ","Νέο Συμβόλαιο","ΤΑΑ8169","17/06/2015","17/09/2015","ΑΤΤΙΚΗ","ΑΘΗΝΑ",333.91,229.46,16.06,1706
"2013951","ΜΙΝΕΤΤΑ","ΑΥΤΟΚΙΝΗΤΩΝ","Νέο Συμβόλαιο","ΤΑΑ8169","17/12/2015","17/03/2016","ΑΤΤΙΚΗ","ΑΘΗΝΑ",320.63,217.69,10.88,1706
"1911144835","AIGAION","ΑΥΤΟΚΙΝΗΤΩΝ","Ανανέωση","ΤΑΑ8169","17/09/2015","17/12/2015","ΑΤΤΙΚΗ","ΑΘΗΝΑ",333.83,219.65,15.38,1706
"2013951","ΜΙΝΕΤΤΑ","ΑΥΤΟΚΙΝΗΤΩΝ","Ανανέωση","ΤΑΑ8169","17/06/2016","17/09/2016","ΑΤΤΙΚΗ","ΑΘΗΝΑ",305.7,207.58,10.38,1706
"2013951","ΜΙΝΕΤΤΑ","ΑΥΤΟΚΙΝΗΤΩΝ","Ανανέωση","ΤΑΑ8169","17/09/2016","17/12/2016","ΑΤΤΙΚΗ","ΑΘΗΝΑ",304.49,206.77,10.34,1706
"2013951","ΜΙΝΕΤΤΑ","ΑΥΤΟΚΙΝΗΤΩΝ","Ανανέωση","ΤΑΑ8169","17/12/2016","17/03/2017","ΑΤΤΙΚΗ","ΑΘΗΝΑ",303.43,206.03,10.3,1706
"2013951","ΜΙΝΕΤΤΑ","ΑΥΤΟΚΙΝΗΤΩΝ","Ανανέωση","ΤΑΑ8169","17/03/2016","17/06/2016","ΑΤΤΙΚΗ","ΑΘΗΝΑ",306.95,208.44,10.42,1706
"31619072833","ΑΓΡΟΤΙΚΗ ΑΣΦΑΛΙΣΤΙΚΗ","ΑΥΤΟΚΙΝΗΤΩΝ","Νέο Συμβόλαιο","ΜΥΕ1555","05/08/2016","05/02/2017","ΛΕΣΒΟΥ","ΓΕΡΑΣ/ΣΚΟΠΕΛΟΥ",69.83,47.64,9.53,1746
"30702980","ΙΝΤΕΡΑΜΕΡΙΚΑΝ","ΑΥΤΟΚΙΝΗΤΩΝ","Νέο Συμβόλαιο","ΜΥΗ4697","30/04/2016","30/10/2016","ΛΕΣΒΟΥ","ΠΑΠΠΑΔΟΣ",53.08,36.47,7.29,1688
"1478587","INTERNATIONAL LIFE","ΑΥΤΟΚΙΝΗΤΩΝ","Νέο Συμβόλαιο","ΜΥΕ2580","25/12/2015","25/06/2016","ΛΕΣΒΟΥ","ΠΑΠΠΑΔΟΣ",75,50.08,9.93,1688
"30702980","ΙΝΤΕΡΑΜΕΡΙΚΑΝ","ΑΥΤΟΚΙΝΗΤΩΝ","Ανανέωση","ΜΥΗ4697","30/10/2016","30/04/2017","ΛΕΣΒΟΥ","ΠΑΠΠΑΔΟΣ",52.81,36.27,7.25,1688
"30958401","ΙΝΤΕΡΑΜΕΡΙΚΑΝ","ΑΥΤΟΚΙΝΗΤΩΝ","Νέο Συμβόλαιο","ΙΟΚ1613","03/11/2016","03/11/2017","ΗΛΕΙΑΣ","ΖΑΧΑΡΩ",243.27,167.09,33.42,1742
"ΡΛ2557","ΣΥΝΕΤΑΙΡΙΣΤΙΚΗ","ΑΥΤΟΚΙΝΗΤΩΝ","Ανανέωση","ΥΙΡ6778","10/10/2016","10/01/2017","ΑΤΤΙΚΗ","ΚΕΡΑΤΕΑ",57,38.66,7.73,354
"ΕΛ0613","ΣΥΝΕΤΑΙΡΙΣΤΙΚΗ","ΑΥΤΟΚΙΝΗΤΩΝ","Νέο Συμβόλαιο","ΥΙΡ6778","10/07/2016","10/10/2016","ΑΤΤΙΚΗ","ΚΕΡΑΤΕΑ",57,38.66,7.73,354
"1222179","ΑΤΛΑΝΤΙΚΗ ΕΝΩΣΗ","ΑΥΤΟΚΙΝΗΤΩΝ","Νέο Συμβόλαιο","ΑΙΖ2453","15/12/2015","15/12/2016","ΑΙΤΩΛΟΚΑΡΝΑΝΙΑ","ΑΓΡΙΝΙΟ",163,109.92,21.98,1683
"ΑΗ2225","ΣΥΝΕΤΑΙΡΙΣΤΙΚΗ","ΑΥΤΟΚΙΝΗΤΩΝ","Νέο Συμβόλαιο","ΙΕΜ6689","11/08/2016","11/08/2017","ΑΤΤΙΚΗ","ΑΙΓΑΛΕΩ",336.5,236.33,47.27,1519
"ΕΛ2294","ΣΥΝΕΤΑΙΡΙΣΤΙΚΗ","ΑΥΤΟΚΙΝΗΤΩΝ","Νέο Συμβόλαιο","ΥΡΗ1736","15/07/2016","15/10/2016","ΑΤΤΙΚΗ","ΑΙΓΑΛΕΩ",48.5,32.52,6.5,1519
"ΡΛ3995","ΣΥΝΕΤΑΙΡΙΣΤΙΚΗ","ΑΥΤΟΚΙΝΗΤΩΝ","Ανανέωση","ΥΡΗ1736","15/10/2016","15/01/2017","ΑΤΤΙΚΗ","ΑΙΓΑΛΕΩ",48.5,32.52,6.5,1519
"19012661061","ΙΝΤΕΡΣΑΛΟΝΙΚΑ","ΑΥΤΟΚΙΝΗΤΩΝ","Ανανέωση","ΥΜΝ9637","22/02/2016","22/08/2016","ΑΤΤΙΚΗ","ΚΑΛΛΙΘΕΑ",124,84.13,16.83,939
"19012661061","ΙΝΤΕΡΣΑΛΟΝΙΚΑ","ΑΥΤΟΚΙΝΗΤΩΝ","Ανανέωση","ΥΜΝ9637","22/08/2016","22/02/2017","ΑΤΤΙΚΗ","ΚΑΛΛΙΘΕΑ",124,84,16.8,939
"1928687","Eurolife FFH","ΑΥΤΟΚΙΝΗΤΩΝ","Ανανέωση","ΧΝΤ9335","05/04/2016","05/07/2016","ΑΤΤΙΚΗ","ΧΑΪΔΑΡΙ",61.67,42.2,8.02,38
"1928687","Eurolife FFH","ΑΥΤΟΚΙΝΗΤΩΝ","Ανανέωση","ΧΝΤ9335","05/10/2016","05/01/2017","ΑΤΤΙΚΗ","ΧΑΪΔΑΡΙ",63.08,43.16,8.2,38
"1928687","Eurolife FFH","ΑΥΤΟΚΙΝΗΤΩΝ","Νέο Συμβόλαιο","ΧΝΤ9335","05/01/2016","05/04/2016","ΑΤΤΙΚΗ","ΧΑΪΔΑΡΙ",61.48,42.06,7.99,38
"1928687","Eurolife FFH","ΑΥΤΟΚΙΝΗΤΩΝ","Ανανέωση","ΧΝΤ9335","05/07/2016","05/10/2016","ΑΤΤΙΚΗ","ΧΑΪΔΑΡΙ",63.08,43.16,8.2,38
"212734929","ΙΝΤΕΡΣΑΛΟΝΙΚΑ","ΑΥΤΟΚΙΝΗΤΩΝ","Νέο Συμβόλαιο","ΧΝΤ9335","05/12/2015","05/01/2016","ΑΤΤΙΚΗ","ΧΑΪΔΑΡΙ",29,19.39,3.88,38
"6164239","GROUPAMA","ΠΥΡΟΣ","Νέο Συμβόλαιο",NA,"27/12/2015","27/12/2016","ΑΙΤΩΛΟΚΑΡΝΑΝΙΑ","ΑΓΡΙΝΙΟ",75.02,54.34,13.04,472
"6164239","GROUPAMA","ΠΥΡΟΣ","Ανανέωση",NA,"27/12/2016","27/12/2017","ΑΙΤΩΛΟΚΑΡΝΑΝΙΑ","ΑΓΡΙΝΙΟ",75.02,54.34,13.04,472
"9778256","ΙΝΤΕΡΑΜΕΡΙΚΑΝ","ΑΥΤΟΚΙΝΗΤΩΝ","Ανανέωση","ΑΙΝ3542","28/03/2016","28/03/2017","ΑΙΤΩΛΟΚΑΡΝΑΝΙΑ","ΑΓΡΙΝΙΟ",135.78,93.08,18.62,1760
"7199707022","INTERASCO","ΑΥΤΟΚΙΝΗΤΩΝ","Νέο Συμβόλαιο","ΙΕΥ4096","23/05/2016","23/11/2016","ΑΤΤΙΚΗ","ΖΩΓΡΑΦΟΥ",159.75,105.23,21.05,248
"7199707022","INTERASCO","ΑΥΤΟΚΙΝΗΤΩΝ","Ανανέωση","ΙΕΥ4096","23/11/2016","23/05/2017","ΑΤΤΙΚΗ","ΖΩΓΡΑΦΟΥ",142.23,93.74,18.75,248
"1502369","AXA","ΑΥΤΟΚΙΝΗΤΩΝ","Νέο Συμβόλαιο","ΑΙΕ6125","21/11/2016","21/05/2017",NA,NA,101.39,69.34,12.48,1692
"ΕΝ4112","ΣΥΝΕΤΑΙΡΙΣΤΙΚΗ","ΑΥΤΟΚΙΝΗΤΩΝ","Νέο Συμβόλαιο","ΥΕΟ1692","07/10/2016","07/04/2017",NA,NA,112,77.34,15.47,1173
"30510522","ΙΝΤΕΡΑΜΕΡΙΚΑΝ","ΑΥΤΟΚΙΝΗΤΩΝ","Ανανέωση","ΑΙΚ4922","11/05/2016","11/11/2016","ΑΤΤΙΚΗ","ΨΥΧΙΚΟΥ",107.28,73.46,14.69,514
"30510522","ΙΝΤΕΡΑΜΕΡΙΚΑΝ","ΑΥΤΟΚΙΝΗΤΩΝ","Νέο Συμβόλαιο","ΑΙΚ4922","11/11/2015","11/05/2016","ΑΤΤΙΚΗ","ΨΥΧΙΚΟΥ",105.22,72.04,14.41,514
"1995070","Eurolife FFH","ΑΥΤΟΚΙΝΗΤΩΝ","Νέο Συμβόλαιο","ΑΙΚ4922","11/11/2016","11/05/2017","ΑΤΤΙΚΗ","ΨΥΧΙΚΟΥ",107.26,73.49,14.7,514
"8170006161","ΕΥΡΩΠΗ ΑΕΓΑ","ΠΥΡΟΣ","Νέο Συμβόλαιο",NA,"19/09/2016","19/09/2017","ΑΤΤΙΚΗ","ΑΘΗΝΑ",135.98,94.18,22.13,1758
"7199625367","INTERASCO","ΑΥΤΟΚΙΝΗΤΩΝ","Ανανέωση","ΥΝΥ5477","11/11/2016","11/05/2017","ΑΤΤΙΚΗ","ΚΑΛΛΙΘΕΑ-ΑΤΤΙΚΗΣ",529.68,351,70.2,1754
"7199625367","INTERASCO","ΑΥΤΟΚΙΝΗΤΩΝ","Ανανέωση","ΥΝΥ5477","11/11/2015","11/05/2016","ΑΤΤΙΚΗ","ΚΑΛΛΙΘΕΑ-ΑΤΤΙΚΗΣ",581.59,385.59,77.12,1754
"7199625367","INTERASCO","ΑΥΤΟΚΙΝΗΤΩΝ","Ανανέωση","ΥΝΥ5477","11/05/2016","11/11/2016","ΑΤΤΙΚΗ","ΚΑΛΛΙΘΕΑ-ΑΤΤΙΚΗΣ",538.44,356.82,71.36,1754
"11343551","GENERALI","ΖΩΗΣ","Ανανέωση",NA,"10/06/2016","10/07/2016","ΑΤΤΙΚΗ","ΝΕΑ ΙΩΝΙΑ",131.22,103.76,17.62,1185
"11343551","GENERALI","ΖΩΗΣ","Ανανέωση",NA,"10/07/2016","10/08/2016","ΑΤΤΙΚΗ","ΝΕΑ ΙΩΝΙΑ",131.22,103.76,17.62,1185
"11343551","GENERALI","ΖΩΗΣ","Ανανέωση",NA,"10/11/2016","10/12/2016","ΑΤΤΙΚΗ","ΝΕΑ ΙΩΝΙΑ",131.22,103.76,17.62,1185
"11343551","GENERALI","ΖΩΗΣ","Ανανέωση",NA,"10/04/2016","10/05/2016","ΑΤΤΙΚΗ","ΝΕΑ ΙΩΝΙΑ",131.22,103.76,17.62,1185
"11343551","GENERALI","ΖΩΗΣ","Ανανέωση",NA,"10/08/2016","10/09/2016","ΑΤΤΙΚΗ","ΝΕΑ ΙΩΝΙΑ",131.22,103.76,17.62,1185
"11343551","GENERALI","ΖΩΗΣ","Ανανέωση",NA,"10/10/2016","10/11/2016","ΑΤΤΙΚΗ","ΝΕΑ ΙΩΝΙΑ",131.22,103.76,17.62,1185
"11343551","GENERALI","ΖΩΗΣ","Νέο Συμβόλαιο",NA,"10/03/2016","10/04/2016","ΑΤΤΙΚΗ","ΝΕΑ ΙΩΝΙΑ",165.95,103.76,17.62,1185
"11343551","GENERALI","ΖΩΗΣ","Ανανέωση",NA,"10/05/2016","10/06/2016","ΑΤΤΙΚΗ","ΝΕΑ ΙΩΝΙΑ",131.22,103.76,17.62,1185
"11343551","GENERALI","ΖΩΗΣ","Ανανέωση",NA,"10/09/2016","10/10/2016","ΑΤΤΙΚΗ","ΝΕΑ ΙΩΝΙΑ",131.22,103.76,17.62,1185
"11343551","GENERALI","ΖΩΗΣ","Ανανέωση",NA,"10/12/2016","10/01/2017","ΑΤΤΙΚΗ","ΝΕΑ ΙΩΝΙΑ",131.22,103.76,17.62,1185
"19012914410","ΙΝΤΕΡΣΑΛΟΝΙΚΑ","ΑΥΤΟΚΙΝΗΤΩΝ","Ανανέωση","ΖΚΗ4294","01/12/2016","01/03/2017",NA,NA,66,44.53,8.91,1701
"212845426","ΙΝΤΕΡΣΑΛΟΝΙΚΑ","ΑΥΤΟΚΙΝΗΤΩΝ","Νέο Συμβόλαιο","ΖΚΗ4294","01/03/2016","01/06/2016",NA,NA,58,39.19,7.84,1701
"19012914410","ΙΝΤΕΡΣΑΛΟΝΙΚΑ","ΑΥΤΟΚΙΝΗΤΩΝ","Ανανέωση","ΖΚΗ4294","01/09/2016","01/12/2016",NA,NA,66,44.53,8.91,1701
"19012914410","ΙΝΤΕΡΣΑΛΟΝΙΚΑ","ΑΥΤΟΚΙΝΗΤΩΝ","Ανανέωση","ΖΚΗ4294","01/06/2016","01/09/2016",NA,NA,66,44.53,8.91,1701
"19012914410","ΙΝΤΕΡΣΑΛΟΝΙΚΑ","ΑΥΤΟΚΙΝΗΤΩΝ","Π Πράξη Μετατροπής","ΖΚΗ4294","01/03/2016","01/06/2016",NA,NA,1.65,1.16,0.23,1701
"9788946","ΙΝΤΕΡΑΜΕΡΙΚΑΝ","ΑΥΤΟΚΙΝΗΤΩΝ","Ανανέωση","ΖΧΙ5782","19/10/2016","19/04/2017","ΑΤΤΙΚΗ","ΚΟΡΩΠΙ",158.01,108.43,21.69,1761
"9788946","ΙΝΤΕΡΑΜΕΡΙΚΑΝ","ΑΥΤΟΚΙΝΗΤΩΝ","Ανανέωση","ΖΧΙ5782","19/04/2016","19/10/2016","ΑΤΤΙΚΗ","ΚΟΡΩΠΙ",149.37,102.43,20.49,1761
"19013322575","ΙΝΤΕΡΣΑΛΟΝΙΚΑ","ΑΥΤΟΚΙΝΗΤΩΝ","Π Πράξη Μετατροπής","ΒΟΗ5050","29/12/2016","29/03/2017",NA,NA,7.03,4.84,0.97,1705
"30981029","ΙΝΤΕΡΑΜΕΡΙΚΑΝ","ΑΥΤΟΚΙΝΗΤΩΝ","Νέο Συμβόλαιο","ΖΜΟ2792","23/11/2016","23/02/2017",NA,NA,56.61,38.88,7.78,1705
"213253611","ΙΝΤΕΡΣΑΛΟΝΙΚΑ","ΑΥΤΟΚΙΝΗΤΩΝ","Νέο Συμβόλαιο","ΒΟΗ5050","29/12/2016","29/03/2017",NA,NA,59,39.91,7.98,1705
"7199711874","INTERASCO","ΑΥΤΟΚΙΝΗΤΩΝ","Νέο Συμβόλαιο","ΙΖΜ6183","16/07/2016","16/01/2017","ΑΤΤΙΚΗ","ΚΑΛΛΙΘΕΑΣ",165.22,108.86,21.77,382
"213210344","ΙΝΤΕΡΣΑΛΟΝΙΚΑ","ΑΥΤΟΚΙΝΗΤΩΝ","Νέο Συμβόλαιο","ΜΥΚ0032","19/11/2016","19/05/2017","ΛΕΣΒΟΥ","ΜΥΤΙΛΗΝΗΣ",32,21.31,4.26,11
"213204668","ΙΝΤΕΡΣΑΛΟΝΙΚΑ","ΑΥΤΟΚΙΝΗΤΩΝ","Νέο Συμβόλαιο","ΖΧΕ2314","14/11/2016","14/02/2017","ΑΤΤΙΚΗ","ΚΟΡΥΔΑΛΛΟΥ",49,32.76,6.55,198
"7199604117","INTERASCO","ΑΥΤΟΚΙΝΗΤΩΝ","Ανανέωση","ΥΕΤ2082","23/07/2016","23/01/2017","ΑΤΤΙΚΗ","ΑΘΗΝΑΙΩΝ",146.86,96.65,19.33,424
"212809778","ΙΝΤΕΡΣΑΛΟΝΙΚΑ","ΑΥΤΟΚΙΝΗΤΩΝ","Νέο Συμβόλαιο","ΡΟ2327","14/02/2016","14/02/2017","ΛΕΣΒΟΥ","ΠΑΠΠΑΔΟΣ",50,32.84,6.57,620
"P0124048116","AIG","ΑΥΤΟΚΙΝΗΤΩΝ","Νέο Συμβόλαιο","ΜΥΗ9631","27/10/2016","27/10/2017","ΛΕΣΒΟΥ","ΠΑΠΠΑΔΟΣ",131.04,97.21,19.44,620
"ΕΝ1634","ΣΥΝΕΤΑΙΡΙΣΤΙΚΗ","ΑΥΤΟΚΙΝΗΤΩΝ","Νέο Συμβόλαιο","ΖΥΜ3125","03/10/2016","03/04/2017","ΑΤΤΙΚΗ","ΜΑΡΚΟΠΟΥΛΟ",138.5,96.3,19.26,1592
"P0124017431","AIG","ΑΥΤΟΚΙΝΗΤΩΝ","Ανανέωση","ΑΙΝ6206","05/01/2016","05/07/2016","ΑΙΤΩΛΟΚΑΡΝΑΝΙΑ","ΑΓΡΙΝΙΟ",111.1,82.62,16.52,1763
"P0124017431","AIG","ΑΥΤΟΚΙΝΗΤΩΝ","Ανανέωση","ΑΙΝ6206","05/07/2016","05/01/2017","ΑΙΤΩΛΟΚΑΡΝΑΝΙΑ","ΑΓΡΙΝΙΟ",111.6,83.01,16.6,1763
"213158685","ΙΝΤΕΡΣΑΛΟΝΙΚΑ","ΑΥΤΟΚΙΝΗΤΩΝ","Νέο Συμβόλαιο","ΥΜΧ7974","07/10/2016","07/01/2017",NA,NA,67,45.51,9.1,1722
"7199719157","INTERASCO","ΑΥΤΟΚΙΝΗΤΩΝ","Νέο Συμβόλαιο","ΥΝΜ7060","18/10/2016","18/04/2017","ΑΤΤΙΚΗ","ΚΟΡΥΔΑΛΛΟΣ",150.76,99.37,19.87,1739
"30686025","ΙΝΤΕΡΑΜΕΡΙΚΑΝ","ΑΥΤΟΚΙΝΗΤΩΝ","Νέο Συμβόλαιο","ΥΝΜ7060","18/04/2016","18/10/2016","ΑΤΤΙΚΗ","ΚΟΡΥΔΑΛΛΟΣ",152.18,104.33,20.87,1739
"19012939789","ΙΝΤΕΡΣΑΛΟΝΙΚΑ","ΑΥΤΟΚΙΝΗΤΩΝ","Ανανέωση","ΥΡΥ4823","16/09/2016","16/12/2016","ΑΤΤΙΚΗ","ΜΑΝΔΡΑ",81,54.74,10.95,1676
"19012939789","ΙΝΤΕΡΣΑΛΟΝΙΚΑ","ΑΥΤΟΚΙΝΗΤΩΝ","Ανανέωση","ΥΡΥ4823","16/12/2016","16/03/2017","ΑΤΤΙΚΗ","ΜΑΝΔΡΑ",81,54.74,10.95,1676
"1995827","Eurolife FFH","ΑΥΤΟΚΙΝΗΤΩΝ","Νέο Συμβόλαιο","ΥΡΝ6417","12/11/2016","12/02/2017","ΑΤΤΙΚΗ","ΜΑΝΔΡΑ",64.88,44.41,8.88,1676
"19012939789","ΙΝΤΕΡΣΑΛΟΝΙΚΑ","ΑΥΤΟΚΙΝΗΤΩΝ","Ανανέωση","ΥΡΥ4823","16/06/2016","16/09/2016","ΑΤΤΙΚΗ","ΜΑΝΔΡΑ",81,54.74,10.95,1676
"212829439","ΙΝΤΕΡΣΑΛΟΝΙΚΑ","ΑΥΤΟΚΙΝΗΤΩΝ","Νέο Συμβόλαιο","ΙΕΝ7224","23/02/2016","23/05/2016","ΑΤΤΙΚΗ","ΜΑΝΔΡΑ",80,54.3,10.86,1676
"212870805","ΙΝΤΕΡΣΑΛΟΝΙΚΑ","ΑΥΤΟΚΙΝΗΤΩΝ","Νέο Συμβόλαιο","ΥΡΥ4823","16/03/2016","16/06/2016","ΑΤΤΙΚΗ","ΜΑΝΔΡΑ",83,55.69,11.14,1676
"19012898423","ΙΝΤΕΡΣΑΛΟΝΙΚΑ","ΑΥΤΟΚΙΝΗΤΩΝ","Ανανέωση","ΙΕΝ7224","23/08/2016","23/11/2016","ΑΤΤΙΚΗ","ΜΑΝΔΡΑ",71,48.18,9.64,1676
"19012898423","ΙΝΤΕΡΣΑΛΟΝΙΚΑ","ΑΥΤΟΚΙΝΗΤΩΝ","Ανανέωση","ΙΕΝ7224","23/11/2016","23/02/2017","ΑΤΤΙΚΗ","ΜΑΝΔΡΑ",71,48.18,9.64,1676
"19012838731","ΙΝΤΕΡΣΑΛΟΝΙΚΑ","ΑΥΤΟΚΙΝΗΤΩΝ","Ανανέωση","ΥΡΤ3521","05/07/2016","05/10/2016","ΑΤΤΙΚΗ","ΜΑΝΔΡΑ",74,50.14,10.03,1676
"19012898423","ΙΝΤΕΡΣΑΛΟΝΙΚΑ","ΑΥΤΟΚΙΝΗΤΩΝ","Ανανέωση","ΙΕΝ7224","23/05/2016","23/08/2016","ΑΤΤΙΚΗ","ΜΑΝΔΡΑ",78,53.16,10.63,1676
"19012838731","ΙΝΤΕΡΣΑΛΟΝΙΚΑ","ΑΥΤΟΚΙΝΗΤΩΝ","Ανανέωση","ΥΡΤ3521","05/10/2016","05/01/2017","ΑΤΤΙΚΗ","ΜΑΝΔΡΑ",74,50.14,10.03,1676
"30720786","ΙΝΤΕΡΑΜΕΡΙΚΑΝ","ΑΥΤΟΚΙΝΗΤΩΝ","Νέο Συμβόλαιο","ΥΡΝ6417","12/05/2016","12/08/2016","ΑΤΤΙΚΗ","ΜΑΝΔΡΑ",59.88,40.98,8.2,1676
"19012838731","ΙΝΤΕΡΣΑΛΟΝΙΚΑ","ΑΥΤΟΚΙΝΗΤΩΝ","Ανανέωση","ΥΡΤ3521","05/04/2016","05/07/2016","ΑΤΤΙΚΗ","ΜΑΝΔΡΑ",81,55.12,11.02,1676
"02027681807","ERGO A.A.E.Z","ΑΥΤΟΚΙΝΗΤΩΝ","Νέο Συμβόλαιο","ΙΕΝ7225","01/07/2016","01/10/2016","ΑΤΤΙΚΗ","ΜΑΝΔΡΑ",45,30.54,6.72,1676
"30720786","ΙΝΤΕΡΑΜΕΡΙΚΑΝ","ΑΥΤΟΚΙΝΗΤΩΝ","Ανανέωση","ΥΡΝ6417","12/08/2016","12/11/2016","ΑΤΤΙΚΗ","ΜΑΝΔΡΑ",59.88,40.98,8.2,1676
"19012676234","ΙΝΤΕΡΣΑΛΟΝΙΚΑ","ΑΥΤΟΚΙΝΗΤΩΝ","Ανανέωση","ΥΡΚ7786","02/12/2015","02/01/2016","ΑΤΤΙΚΗ","ΜΑΝΔΡΑ",28,18.6,3.72,1676
"02027681807","ERGO A.A.E.Z","ΑΥΤΟΚΙΝΗΤΩΝ","Ανανέωση","ΙΕΝ7225","01/10/2016","01/01/2017","ΑΤΤΙΚΗ","ΜΑΝΔΡΑ",47,31.5,6.87,1676
"212769747","ΙΝΤΕΡΣΑΛΟΝΙΚΑ","ΑΥΤΟΚΙΝΗΤΩΝ","Νέο Συμβόλαιο","ΥΡΤ3521","05/01/2016","05/04/2016","ΑΤΤΙΚΗ","ΜΑΝΔΡΑ",83,56.07,11.21,1676
"1519994","INTERNATIONAL LIFE","ΑΥΤΟΚΙΝΗΤΩΝ","Νέο Συμβόλαιο","ΙΕΝ7225","01/04/2016","01/07/2016","ΑΤΤΙΚΗ","ΜΑΝΔΡΑ",46,28.68,5.69,1676
"212607244","ΙΝΤΕΡΣΑΛΟΝΙΚΑ","ΑΥΤΟΚΙΝΗΤΩΝ","Νέο Συμβόλαιο","ΥΡΚ7786","02/09/2015","02/12/2015","ΑΤΤΙΚΗ","ΜΑΝΔΡΑ",81,54.74,10.95,1676
"102739149","ALLIANZ ΕΥΡΩΠΑΙΚΗ ΠΙΣΤΗ","ΑΥΤΟΚΙΝΗΤΩΝ","Νέο Συμβόλαιο","ΙΡΚ8330","04/10/2016","04/04/2017",NA,NA,144.94,97.83,19.57,458
"7199712876","INTERASCO","ΑΥΤΟΚΙΝΗΤΩΝ","Νέο Συμβόλαιο","ΜΥΗ2690","25/07/2016","25/07/2017",NA,NA,169.11,111.34,22.27,1756
"2191628209","ΥΔΡΟΓΕΙΟΣ","ΑΥΤΟΚΙΝΗΤΩΝ","Νέο Συμβόλαιο","ΥΗΙ739","16/09/2016","16/12/2016","ΛΕΣΒΟΥ","ΠΑΠΠΑΔΟΣ",19,11.95,2.11,1727
"19012721137","ΙΝΤΕΡΣΑΛΟΝΙΚΑ","ΑΥΤΟΚΙΝΗΤΩΝ","Ανανέωση","ΖΥΡ2739","02/10/2016","02/04/2017","ΑΤΤΙΚΗ","ΑΘΗΝΑ",111,75.11,15.02,1698
"19012721137","ΙΝΤΕΡΣΑΛΟΝΙΚΑ","ΑΥΤΟΚΙΝΗΤΩΝ","Ανανέωση","ΖΥΡ2739","02/04/2016","02/10/2016","ΑΤΤΙΚΗ","ΑΘΗΝΑ",111,75.24,15.05,1698
"212652149","ΙΝΤΕΡΣΑΛΟΝΙΚΑ","ΑΥΤΟΚΙΝΗΤΩΝ","Νέο Συμβόλαιο","ΖΥΡ2739","02/10/2015","02/04/2016","ΑΤΤΙΚΗ","ΑΘΗΝΑ",111,75.24,15.05,1698
"9797281","ΙΝΤΕΡΑΜΕΡΙΚΑΝ","ΑΥΤΟΚΙΝΗΤΩΝ","Ανανέωση","ΖΗΤ541","11/04/2016","11/04/2017","ΑΤΤΙΚΗ","ΠΕΡΙΣΤΕΡΙ",69.36,47.72,9.54,1160
"11305387","GENERALI","ΖΩΗΣ","Ανανέωση",NA,"23/05/2016","23/06/2016","ΑΤΤΙΚΗ","ΠΕΡΙΣΤΕΡΙ",18.33,14.64,2.59,498
"11306782","GENERALI","ΖΩΗΣ","Ανανέωση",NA,"28/03/2016","28/04/2016","ΑΤΤΙΚΗ","ΠΕΡΙΣΤΕΡΙ",20.01,15.98,2.82,498
"11305387","GENERALI","ΖΩΗΣ","Ανανέωση",NA,"23/09/2016","23/10/2016","ΑΤΤΙΚΗ","ΠΕΡΙΣΤΕΡΙ",18.33,14.64,2.59,498
"11305387","GENERALI","ΖΩΗΣ","Ανανέωση",NA,"23/02/2016","23/03/2016","ΑΤΤΙΚΗ","ΠΕΡΙΣΤΕΡΙ",18.33,14.64,2.59,498
"11305387","GENERALI","ΖΩΗΣ","Ανανέωση",NA,"23/07/2016","23/08/2016","ΑΤΤΙΚΗ","ΠΕΡΙΣΤΕΡΙ",18.33,14.64,2.59,498
"11306782","GENERALI","ΖΩΗΣ","Ανανέωση",NA,"28/02/2016","28/03/2016","ΑΤΤΙΚΗ","ΠΕΡΙΣΤΕΡΙ",20.01,15.97,2.82,498
"11305387","GENERALI","ΖΩΗΣ","Ανανέωση",NA,"23/03/2016","23/04/2016","ΑΤΤΙΚΗ","ΠΕΡΙΣΤΕΡΙ",18.33,14.64,2.59,498
"11306782","GENERALI","ΖΩΗΣ","Ανανέωση",NA,"28/10/2016","28/11/2016","ΑΤΤΙΚΗ","ΠΕΡΙΣΤΕΡΙ",20.01,15.98,2.82,498
"11306782","GENERALI","ΖΩΗΣ","Ανανέωση",NA,"28/11/2016","28/12/2016","ΑΤΤΙΚΗ","ΠΕΡΙΣΤΕΡΙ",20.01,15.98,2.82,498
"11305387","GENERALI","ΖΩΗΣ","Ανανέωση",NA,"23/08/2016","23/09/2016","ΑΤΤΙΚΗ","ΠΕΡΙΣΤΕΡΙ",18.33,14.64,2.59,498
"11305387","GENERALI","ΖΩΗΣ","Ανανέωση",NA,"23/04/2016","23/05/2016","ΑΤΤΙΚΗ","ΠΕΡΙΣΤΕΡΙ",18.33,14.64,2.59,498
"11306782","GENERALI","ΖΩΗΣ","Ανανέωση",NA,"28/04/2016","28/05/2016","ΑΤΤΙΚΗ","ΠΕΡΙΣΤΕΡΙ",20.01,15.98,2.82,498
"11305387","GENERALI","ΖΩΗΣ","Ανανέωση",NA,"23/01/2016","23/02/2016","ΑΤΤΙΚΗ","ΠΕΡΙΣΤΕΡΙ",18.33,14.64,2.59,498
"11305387","GENERALI","ΖΩΗΣ","Ανανέωση",NA,"23/11/2016","23/12/2016","ΑΤΤΙΚΗ","ΠΕΡΙΣΤΕΡΙ",18.33,14.64,2.59,498
"11306782","GENERALI","ΖΩΗΣ","Ανανέωση",NA,"28/09/2016","28/10/2016","ΑΤΤΙΚΗ","ΠΕΡΙΣΤΕΡΙ",20.01,15.98,2.82,498
"11306782","GENERALI","ΖΩΗΣ","Ανανέωση",NA,"28/08/2016","28/09/2016","ΑΤΤΙΚΗ","ΠΕΡΙΣΤΕΡΙ",20.01,15.98,2.82,498
"11306782","GENERALI","ΖΩΗΣ","Ανανέωση",NA,"28/07/2016","28/08/2016","ΑΤΤΙΚΗ","ΠΕΡΙΣΤΕΡΙ",20.01,15.98,2.82,498
"11305387","GENERALI","ΖΩΗΣ","Ανανέωση",NA,"23/06/2016","23/07/2016","ΑΤΤΙΚΗ","ΠΕΡΙΣΤΕΡΙ",18.33,14.64,2.59,498
"11306782","GENERALI","ΖΩΗΣ","Ανανέωση",NA,"28/06/2016","28/07/2016","ΑΤΤΙΚΗ","ΠΕΡΙΣΤΕΡΙ",20.01,15.98,2.82,498
"11305387","GENERALI","ΖΩΗΣ","Ανανέωση",NA,"23/12/2016","23/01/2017","ΑΤΤΙΚΗ","ΠΕΡΙΣΤΕΡΙ",18.86,15.07,2.66,498
"11306782","GENERALI","ΖΩΗΣ","Ανανέωση",NA,"28/12/2016","28/01/2017","ΑΤΤΙΚΗ","ΠΕΡΙΣΤΕΡΙ",20.59,16.45,2.62,498
"11305387","GENERALI","ΖΩΗΣ","Ανανέωση",NA,"23/10/2016","23/11/2016","ΑΤΤΙΚΗ","ΠΕΡΙΣΤΕΡΙ",18.33,14.64,2.59,498
"7199309660","INTERASCO","ΑΥΤΟΚΙΝΗΤΩΝ","Ανανέωση","ΙΚΖ8618","13/10/2016","13/04/2017","ΑΤΤΙΚΗ","ΠΕΡΙΣΤΕΡΙ",223.09,147.39,29.48,498
"11306782","GENERALI","ΖΩΗΣ","Νέο Συμβόλαιο",NA,"28/12/2015","28/01/2016","ΑΤΤΙΚΗ","ΠΕΡΙΣΤΕΡΙ",54.74,15.97,2.82,498
"11306782","GENERALI","ΖΩΗΣ","Ανανέωση",NA,"28/01/2016","28/02/2016","ΑΤΤΙΚΗ","ΠΕΡΙΣΤΕΡΙ",20.01,15.97,2.82,498
"11306782","GENERALI","ΖΩΗΣ","Ανανέωση",NA,"28/05/2016","28/06/2016","ΑΤΤΙΚΗ","ΠΕΡΙΣΤΕΡΙ",20.01,15.98,2.82,498
"7199309660","INTERASCO","ΑΥΤΟΚΙΝΗΤΩΝ","Ανανέωση","ΙΚΖ8618","13/04/2016","13/10/2016","ΑΤΤΙΚΗ","ΠΕΡΙΣΤΕΡΙ",228.9,151.21,30.24,498
"11305387","GENERALI","ΖΩΗΣ","Νέο Συμβόλαιο",NA,"23/12/2015","23/01/2016","ΑΤΤΙΚΗ","ΠΕΡΙΣΤΕΡΙ",53.06,14.64,2.59,498
"213153574","ΙΝΤΕΡΣΑΛΟΝΙΚΑ","ΑΥΤΟΚΙΝΗΤΩΝ","Νέο Συμβόλαιο","ΥΟΧ7850","06/10/2016","06/04/2017","ΑΙΤΩΛΟΚΑΡΝΑΝΙΑ","ΑΓΓΕΛΟΚΑΣΤ",126,85.64,17.13,415
"1939827","Eurolife FFH","ΑΥΤΟΚΙΝΗΤΩΝ","Νέο Συμβόλαιο","ΖΚΗ4089","12/03/2016","12/03/2017",NA,NA,257.02,176.27,33.49,1054
"ΕΛ8381","ΣΥΝΕΤΑΙΡΙΣΤΙΚΗ","ΑΥΤΟΚΙΝΗΤΩΝ","Νέο Συμβόλαιο","ΙΡΒ4034","08/08/2016","08/11/2016","ΑΤΤΙΚΗ","ΚΟΡΩΠΙ",63,42.39,8.48,1765
"ΡΛ9803","ΣΥΝΕΤΑΙΡΙΣΤΙΚΗ","ΑΥΤΟΚΙΝΗΤΩΝ","Ανανέωση","ΙΡΒ4034","08/11/2016","08/02/2017","ΑΤΤΙΚΗ","ΚΟΡΩΠΙ",63,42.38,8.48,1765
"1976912","Eurolife FFH","ΑΥΤΟΚΙΝΗΤΩΝ","Νέο Συμβόλαιο","ΚΥΜ8228","09/09/2016","09/03/2017",NA,NA,143.75,98.62,18.74,1709
"1992034","Eurolife FFH","ΑΥΤΟΚΙΝΗΤΩΝ","Νέο Συμβόλαιο","ΙΕΒ3886","30/10/2016","30/01/2017",NA,NA,67.14,46.06,9.21,1714
"30491388","ΙΝΤΕΡΑΜΕΡΙΚΑΝ","ΑΥΤΟΚΙΝΗΤΩΝ","Νέο Συμβόλαιο","ΙΕΒ3886","31/10/2015","30/04/2016",NA,NA,125.26,85.82,17.16,1714
"30491388","ΙΝΤΕΡΑΜΕΡΙΚΑΝ","ΑΥΤΟΚΙΝΗΤΩΝ","Ανανέωση","ΙΕΒ3886","30/04/2016","30/10/2016",NA,NA,126.26,86.49,17.3,1714
"212878474","ΙΝΤΕΡΣΑΛΟΝΙΚΑ","ΑΥΤΟΚΙΝΗΤΩΝ","Νέο Συμβόλαιο","ΥΧΖ2032","23/03/2016","23/09/2016","ΑΤΤΙΚΗ","ΓΕΡΑΚΑΣ",114,76.86,15.37,656
"19012947458","ΙΝΤΕΡΣΑΛΟΝΙΚΑ","ΑΥΤΟΚΙΝΗΤΩΝ","Ανανέωση","ΥΧΖ2032","23/09/2016","23/03/2017","ΑΤΤΙΚΗ","ΓΕΡΑΚΑΣ",114,76.86,15.37,656
"1928912","Eurolife FFH","ΑΥΤΟΚΙΝΗΤΩΝ","Νέο Συμβόλαιο","ΙΜΡ3161","09/01/2016","09/01/2017","ΑΤΤΙΚΗ","ΧΟΛΑΡΓΟΥ",305.75,209.95,39.89,378
"7199721148","INTERASCO","ΑΥΤΟΚΙΝΗΤΩΝ","Νέο Συμβόλαιο","ΙΖΤ4936","09/11/2016","09/05/2017",NA,NA,102.7,67.43,13.49,932
"1947933","Eurolife FFH","ΑΥΤΟΚΙΝΗΤΩΝ","Ανανέωση","ΖΗΗ1725","10/10/2016","10/04/2017",NA,NA,126.97,87.08,16.55,932
"1947933","Eurolife FFH","ΑΥΤΟΚΙΝΗΤΩΝ","Νέο Συμβόλαιο","ΖΗΗ1725","10/04/2016","10/10/2016",NA,NA,126.32,86.62,16.46,932
"1285336","ΑΤΛΑΝΤΙΚΗ ΕΝΩΣΗ","ΑΥΤΟΚΙΝΗΤΩΝ","Νέο Συμβόλαιο","ΚΡΒ9729","03/10/2016","03/01/2017",NA,NA,89,56.83,11.37,557
"7199706537","INTERASCO","ΑΥΤΟΚΙΝΗΤΩΝ","Ανανέωση","ΙΗΡ4839","15/11/2016","15/05/2017",NA,NA,127.64,84.04,16.81,1755
"7199706537","INTERASCO","ΑΥΤΟΚΙΝΗΤΩΝ","Π Πράξη Μετατροπής","ΙΗΡ4839","24/05/2016","15/11/2016",NA,NA,32.32,21.42,4.28,1755
"7199706537","INTERASCO","ΑΥΤΟΚΙΝΗΤΩΝ","Νέο Συμβόλαιο","ΙΗΡ4839","15/05/2016","15/11/2016",NA,NA,109.85,72.21,14.44,1755
"19013220682","ΙΝΤΕΡΣΑΛΟΝΙΚΑ","ΑΥΤΟΚΙΝΗΤΩΝ","Π Πράξη Μετατροπής","ΥΜΧ3441","03/10/2016","03/01/2017","ΑΤΤΙΚΗ","ΑΤΤΙΚΗ",13.55,9.47,1.89,1704
"213151714","ΙΝΤΕΡΣΑΛΟΝΙΚΑ","ΑΥΤΟΚΙΝΗΤΩΝ","Νέο Συμβόλαιο","ΥΜΧ3441","03/10/2016","03/01/2017","ΑΤΤΙΚΗ","ΑΤΤΙΚΗ",60,40.17,8.03,1704
"7199623936","INTERASCO","ΑΥΤΟΚΙΝΗΤΩΝ","Ανανέωση","ΙΡΤ9007","16/10/2016","16/04/2017","ΑΤΤΙΚΗ","ΚΑΛΛΙΘΕΑ ΑΤΤΙΚΗΣ",295.46,195.12,39.02,1753
"7199623936","INTERASCO","ΑΥΤΟΚΙΝΗΤΩΝ","Ανανέωση","ΙΡΤ9007","16/04/2016","16/10/2016","ΑΤΤΙΚΗ","ΚΑΛΛΙΘΕΑ ΑΤΤΙΚΗΣ",296.43,195.74,39.15,1753
"11316911","GENERALI","ΖΩΗΣ","Νέο Συμβόλαιο",NA,"18/01/2016","18/07/2016","ΑΤΤΙΚΗ","ΚΑΛΛΙΘΕΑ",70.74,55.95,9.51,1483
"11346918","GENERALI","ΖΩΗΣ","Ανανέωση",NA,"17/07/2016","17/08/2016","ΑΤΤΙΚΗ","ΚΑΛΛΙΘΕΑ",89.08,71.55,13.78,1483
"11346918","GENERALI","ΖΩΗΣ","Ανανέωση",NA,"17/04/2016","17/05/2016","ΑΤΤΙΚΗ","ΚΑΛΛΙΘΕΑ",89.08,71.55,13.78,1483
"11346918","GENERALI","ΖΩΗΣ","Ανανέωση",NA,"17/09/2016","17/03/2017","ΑΤΤΙΚΗ","ΚΑΛΛΙΘΕΑ",534.4,429.25,82.67,1483
"11316911","GENERALI","ΖΩΗΣ","Ανανέωση",NA,"18/07/2016","18/01/2017","ΑΤΤΙΚΗ","ΚΑΛΛΙΘΕΑ",70.74,55.95,9.51,1483
"11346918","GENERALI","ΖΩΗΣ","Νέο Συμβόλαιο",NA,"17/03/2016","17/04/2016","ΑΤΤΙΚΗ","ΚΑΛΛΙΘΕΑ",89.08,71.55,13.78,1483
"11346918","GENERALI","ΖΩΗΣ","Ανανέωση",NA,"17/06/2016","17/07/2016","ΑΤΤΙΚΗ","ΚΑΛΛΙΘΕΑ",89.08,71.55,13.78,1483
"11346918","GENERALI","ΖΩΗΣ","Ανανέωση",NA,"17/05/2016","17/06/2016","ΑΤΤΙΚΗ","ΚΑΛΛΙΘΕΑ",89.08,71.55,13.78,1483
"11346918","GENERALI","ΖΩΗΣ","Ανανέωση",NA,"17/08/2016","17/09/2016","ΑΤΤΙΚΗ","ΚΑΛΛΙΘΕΑ",89.08,71.55,13.78,1483
"1929621","Eurolife FFH","ΑΥΤΟΚΙΝΗΤΩΝ","Νέο Συμβόλαιο","ΙΟΙ4670","12/01/2016","12/01/2017","ΑΤΤΙΚΗ","ΜΕΛΙΣΣΙΑ",350.63,240.75,45.74,826
"212785362","ΙΝΤΕΡΣΑΛΟΝΙΚΑ","ΑΥΤΟΚΙΝΗΤΩΝ","Νέο Συμβόλαιο","ΥΟΜ1310","28/01/2016","28/01/2017","ΑΤΤΙΚΗ","ΚΟΡΥΔΑΛΛΟΥ",228,153.65,30.73,825
"7199712814","INTERASCO","ΑΥΤΟΚΙΝΗΤΩΝ","Νέο Συμβόλαιο","ΥΝΡ5054","11/08/2016","11/02/2017","ΑΤΤΙΚΗ","ΑΘΗΝΑ",179.23,118.11,23.62,396
"8170005371","ΕΥΡΩΠΗ ΑΕΓΑ","ΠΥΡΟΣ","Νέο Συμβόλαιο",NA,"13/06/2016","13/12/2016","ΑΤΤΙΚΗ","ΓΑΛΑΤΣΙ-ΑΤΤΙΚΗΣ",79.4,55,12.93,119
"8170005371","ΕΥΡΩΠΗ ΑΕΓΑ","ΠΥΡΟΣ","Ανανέωση",NA,"13/12/2016","13/06/2017","ΑΤΤΙΚΗ","ΓΑΛΑΤΣΙ-ΑΤΤΙΚΗΣ",79.4,55,12.93,119
"7199710780","INTERASCO","ΑΥΤΟΚΙΝΗΤΩΝ","Νέο Συμβόλαιο","ΡΙΗ9080","04/07/2016","04/01/2017","ΑΤΤΙΚΗ","ΧΑΛΑΝΔΡΙ",111.84,73.66,14.73,374
"7199710094","INTERASCO","ΑΥΤΟΚΙΝΗΤΩΝ","Ανανέωση","ΙΜΕ9117","23/12/2016","23/12/2017","ΑΤΤΙΚΗ","ΑΘΗΝΑ",324.79,214.11,42.82,574
"7199710094","INTERASCO","ΑΥΤΟΚΙΝΗΤΩΝ","Νέο Συμβόλαιο","ΙΜΕ9117","23/06/2016","23/12/2016","ΑΤΤΙΚΗ","ΑΘΗΝΑ",148.55,97.73,19.55,574
"7199710094","INTERASCO","ΑΥΤΟΚΙΝΗΤΩΝ","Π Πράξη Μετατροπής","ΙΜΕ9117","23/06/2016","23/12/2016","ΑΤΤΙΚΗ","ΑΘΗΝΑ",46.75,30.9,6.18,574
"1255544","AXA","ΑΥΤΟΚΙΝΗΤΩΝ","Ανανέωση","ΙΜΗ7286","08/11/2016","08/05/2017",NA,NA,223.52,153.45,27.62,411
"9728569","ΕΘΝΙΚΗ Ασφαλιστική","ΖΩΗΣ","Ανανέωση",NA,"28/07/2016","28/10/2016",NA,NA,378.09,330.07,12.92,411
"9728569","ΕΘΝΙΚΗ Ασφαλιστική","ΖΩΗΣ","Ανανέωση",NA,"28/04/2016","28/07/2016",NA,NA,378.09,330.07,12.91,411
"4570232614","AXA","ΑΥΤΟΚΙΝΗΤΩΝ","Ανανέωση","ΙΜΗ7286","08/05/2016","08/11/2016",NA,NA,225.27,154.67,27.84,411
"4570232614","AXA","ΑΥΤΟΚΙΝΗΤΩΝ","Ανανέωση","ΙΜΗ7286","08/11/2015","08/05/2016",NA,NA,265.02,181.99,32.76,411
"9728569","ΕΘΝΙΚΗ Ασφαλιστική","ΖΩΗΣ","Ανανέωση",NA,"28/10/2016","28/01/2017",NA,NA,378.09,330.07,12.91,411
"9728569","ΕΘΝΙΚΗ Ασφαλιστική","ΖΩΗΣ","Ανανέωση",NA,"28/07/2015","28/10/2015",NA,NA,349.4,318.46,0,411
"9728569","ΕΘΝΙΚΗ Ασφαλιστική","ΖΩΗΣ","Ανανέωση",NA,"28/10/2015","28/01/2016",NA,NA,364.73,318.46,13.16,411
"9728569","ΕΘΝΙΚΗ Ασφαλιστική","ΖΩΗΣ","Ανανέωση",NA,"28/01/2016","28/04/2016",NA,NA,378.09,330.07,12.92,411
"44587","ΑΤΛΑΝΤΙΚΗ ΕΝΩΣΗ","ΖΩΗΣ","Νέο Συμβόλαιο",NA,"16/08/2016","16/11/2016",NA,NA,67.05,38.66,8.64,411
"44587","ΑΤΛΑΝΤΙΚΗ ΕΝΩΣΗ","ΖΩΗΣ","Ανανέωση",NA,"16/11/2016","16/02/2017",NA,NA,46.1,38.66,8.64,411
"ΕΞ9118","ΣΥΝΕΤΑΙΡΙΣΤΙΚΗ","ΑΥΤΟΚΙΝΗΤΩΝ","Νέο Συμβόλαιο","ΖΚΧ9123","09/12/2016","09/06/2017","ΑΤΤΙΚΗ","ΚΑΛΛΙΘΕΑ",196,135.58,27.12,1768
"7199708022","INTERASCO","ΑΥΤΟΚΙΝΗΤΩΝ","Νέο Συμβόλαιο","ΖΜΡ9394","01/06/2016","01/12/2016","ΑΤΤΙΚΗ","ΑΓΙΟΣ ΔΗΜΗΤΡΙΟΣ",124.19,81.74,16.35,259
"7199708022","INTERASCO","ΑΥΤΟΚΙΝΗΤΩΝ","Ανανέωση","ΖΜΡ9394","01/12/2016","01/06/2017","ΑΤΤΙΚΗ","ΑΓΙΟΣ ΔΗΜΗΤΡΙΟΣ",116.63,76.8,15.36,259
"31619114412","ΑΓΡΟΤΙΚΗ ΑΣΦΑΛΙΣΤΙΚΗ","ΑΥΤΟΚΙΝΗΤΩΝ","Νέο Συμβόλαιο","ΖΥΝ0853","25/12/2016","25/06/2017","ΑΤΤΙΚΗ","ΑΘΗΝΑ",41.99,28.64,5.73,1072
"GRT160001961","MONDIAL ASSISTANCE","ΠΡΟΣΩΠΙΚΩΝ ΑΤΥΧΗΜΑΤΩΝ","Νέο Συμβόλαιο",NA,"18/07/2016","16/08/2016","ΑΤΤΙΚΗ","ΗΛΙΟΥΠΟΛΗ",36.6,28.93,6.08,608
"7199713421","INTERASCO","ΑΥΤΟΚΙΝΗΤΩΝ","Νέο Συμβόλαιο","ΖΧΙ5234","22/08/2016","22/08/2017","ΑΤΤΙΚΗ","ΠΕΡΙΣΤΕΡΙ",306.65,202.16,40.43,865
"9190000606","ΕΥΡΩΠΗ ΑΕΓΑ","ΑΥΤΟΚΙΝΗΤΩΝ","Νέο Συμβόλαιο","ΑΙΚ2506","26/03/2016","26/09/2016","ΑΙΤΩΛΟΚΑΡΝΑΝΙΑ","ΑΓΡΙΝΙΟ",105.96,69.53,15.11,1685
"9190000606","ΕΥΡΩΠΗ ΑΕΓΑ","ΑΥΤΟΚΙΝΗΤΩΝ","Ανανέωση","ΑΙΚ2506","26/09/2016","26/12/2016","ΑΙΤΩΛΟΚΑΡΝΑΝΙΑ","ΑΓΡΙΝΙΟ",55.41,36.36,7.81,1685
"1299603","ΑΤΛΑΝΤΙΚΗ ΕΝΩΣΗ","ΑΥΤΟΚΙΝΗΤΩΝ","Νέο Συμβόλαιο","ΑΙΚ2506","26/12/2016","26/03/2017","ΑΙΤΩΛΟΚΑΡΝΑΝΙΑ","ΑΓΡΙΝΙΟ",48,30.55,6.11,1685
"30152305","ΙΝΤΕΡΑΜΕΡΙΚΑΝ","ΑΥΤΟΚΙΝΗΤΩΝ","Ανανέωση","ΟΚΧ142","02/04/2016","02/04/2017","ΑΤΤΙΚΗ","ΑΘΗΝΑ",537.77,369.96,73.99,1731
"30731543","ΙΝΤΕΡΑΜΕΡΙΚΑΝ","ΑΥΤΟΚΙΝΗΤΩΝ","Νέο Συμβόλαιο","ΒΑΕ929","28/06/2016","28/09/2016","ΑΤΤΙΚΗ","ΛΥΚΟΒΡΥΣΗ",51.55,35.39,7.08,586
"19012769154","ΙΝΤΕΡΣΑΛΟΝΙΚΑ","ΑΥΤΟΚΙΝΗΤΩΝ","Ανανέωση","ΙΖΙ6477","06/11/2016","06/05/2017","ΑΤΤΙΚΗ","ΠΕΤΡΟΥΠΟΛΗ",121,82.16,16.43,532
"19012769154","ΙΝΤΕΡΣΑΛΟΝΙΚΑ","ΑΥΤΟΚΙΝΗΤΩΝ","Ανανέωση","ΙΖΙ6477","06/05/2016","06/11/2016","ΑΤΤΙΚΗ","ΠΕΤΡΟΥΠΟΛΗ",121,82.29,16.46,532
"1926858","Eurolife FFH","ΑΥΤΟΚΙΝΗΤΩΝ","Νέο Συμβόλαιο","ΙΟΜ5876","23/12/2015","23/06/2016","ΑΤΤΙΚΗ","ΠΕΤΡΟΥΠΟΛΗ",139.71,95.75,18.19,532
"1926858","Eurolife FFH","ΑΥΤΟΚΙΝΗΤΩΝ","Ανανέωση","ΙΟΜ5876","23/06/2016","23/12/2016","ΑΤΤΙΚΗ","ΠΕΤΡΟΥΠΟΛΗ",141.38,96.91,18.41,532
"7199725071","INTERASCO","ΑΥΤΟΚΙΝΗΤΩΝ","Νέο Συμβόλαιο","ΙΟΜ5876","23/12/2016","23/12/2017","ΑΤΤΙΚΗ","ΠΕΤΡΟΥΠΟΛΗ",259.93,171.05,34.21,532
"212700166","ΙΝΤΕΡΣΑΛΟΝΙΚΑ","ΑΥΤΟΚΙΝΗΤΩΝ","Νέο Συμβόλαιο","ΙΖΙ6477","06/11/2015","06/05/2016","ΑΤΤΙΚΗ","ΠΕΤΡΟΥΠΟΛΗ",121,82.29,16.46,532
"19013002601","ΙΝΤΕΡΣΑΛΟΝΙΚΑ","ΑΥΤΟΚΙΝΗΤΩΝ","Ανανέωση","ΥΝΡ6532","25/10/2016","25/04/2017","ΑΤΤΙΚΗ","ΑΓ.ΔΗΜΗΤΡΙΟΣ",105,71.24,14.25,585
"212933617","ΙΝΤΕΡΣΑΛΟΝΙΚΑ","ΑΥΤΟΚΙΝΗΤΩΝ","Νέο Συμβόλαιο","ΥΝΡ6532","25/04/2016","25/10/2016","ΑΤΤΙΚΗ","ΑΓ.ΔΗΜΗΤΡΙΟΣ",105,71.37,14.27,585
"31619110603","ΑΓΡΟΤΙΚΗ ΑΣΦΑΛΙΣΤΙΚΗ","ΑΥΤΟΚΙΝΗΤΩΝ","Νέο Συμβόλαιο","ΟΑΡ948","09/12/2016","09/06/2017","ΑΤΤΙΚΗ","ΑΘΗΝΑΙΩΝ",102.36,69.89,13.98,1750
"1928823","Eurolife FFH","ΑΥΤΟΚΙΝΗΤΩΝ","Ανανέωση","ΙΚΝ2497","07/04/2016","07/07/2016","ΑΤΤΙΚΗ","ΧΑΪΔΑΡΙ",59.84,40.91,7.77,40
"1928823","Eurolife FFH","ΑΥΤΟΚΙΝΗΤΩΝ","Νέο Συμβόλαιο","ΙΚΝ2497","07/01/2016","07/04/2016","ΑΤΤΙΚΗ","ΧΑΪΔΑΡΙ",59.66,40.79,7.75,40
"1928823","Eurolife FFH","ΑΥΤΟΚΙΝΗΤΩΝ","Ανανέωση","ΙΚΝ2497","07/07/2016","07/10/2016","ΑΤΤΙΚΗ","ΧΑΪΔΑΡΙ",61.15,41.83,7.95,40
"1928823","Eurolife FFH","ΑΥΤΟΚΙΝΗΤΩΝ","Ανανέωση","ΙΚΝ2497","07/10/2016","07/01/2017","ΑΤΤΙΚΗ","ΧΑΪΔΑΡΙ",61.15,41.83,7.95,40
"213122471","ΙΝΤΕΡΣΑΛΟΝΙΚΑ","ΑΥΤΟΚΙΝΗΤΩΝ","Νέο Συμβόλαιο","ΡΙΜ3298","09/09/2016","09/03/2017",NA,NA,21,14.06,2.81,1721
"31619086127","ΑΓΡΟΤΙΚΗ ΑΣΦΑΛΙΣΤΙΚΗ","ΑΥΤΟΚΙΝΗΤΩΝ","Νέο Συμβόλαιο","ΧΥΥ990","24/09/2016","24/03/2017","ΑΤΤΙΚΗ","ΗΛΙΟΥΠΟΛΗ",41.99,28.64,5.73,1335
"7199709547","INTERASCO","ΑΥΤΟΚΙΝΗΤΩΝ","Ανανέωση","ΚΜΝ2817","19/12/2016","19/12/2017",NA,NA,252.72,166.7,33.34,920
"7199709547","INTERASCO","ΑΥΤΟΚΙΝΗΤΩΝ","Νέο Συμβόλαιο","ΚΜΝ2817","19/06/2016","19/12/2016",NA,NA,141.53,93.32,18.66,920
"11459866","GENERALI","ΖΩΗΣ","Νέο Συμβόλαιο",NA,"10/11/2016","10/05/2017","ΑΤΤΙΚΗ","ΑΘΗΝΑ",258.59,177.03,30.04,1681
"11342681","GENERALI","ΖΩΗΣ","Ανανέωση",NA,"09/10/2016","09/11/2016","ΑΤΤΙΚΗ","ΑΘΗΝΑ",18.38,14.69,2.6,257
"30739858","ΙΝΤΕΡΑΜΕΡΙΚΑΝ","ΑΥΤΟΚΙΝΗΤΩΝ","Νέο Συμβόλαιο","ΙΗΚ2525","28/05/2016","28/11/2016","ΑΤΤΙΚΗ","ΑΘΗΝΑ",124.45,85.31,17.06,257
"11342681","GENERALI","ΖΩΗΣ","Ανανέωση",NA,"09/05/2016","09/06/2016","ΑΤΤΙΚΗ","ΑΘΗΝΑ",18.38,14.69,2.6,257
"11342681","GENERALI","ΖΩΗΣ","Ανανέωση",NA,"09/09/2016","09/10/2016","ΑΤΤΙΚΗ","ΑΘΗΝΑ",18.38,14.69,2.6,257
"11342681","GENERALI","ΖΩΗΣ","Ανανέωση",NA,"09/12/2016","09/01/2017","ΑΤΤΙΚΗ","ΑΘΗΝΑ",18.38,14.69,2.6,257
"11342681","GENERALI","ΖΩΗΣ","Ανανέωση",NA,"09/08/2016","09/09/2016","ΑΤΤΙΚΗ","ΑΘΗΝΑ",18.38,14.69,2.6,257
"11342681","GENERALI","ΖΩΗΣ","Ανανέωση",NA,"09/11/2016","09/12/2016","ΑΤΤΙΚΗ","ΑΘΗΝΑ",18.38,14.69,2.6,257
"11342681","GENERALI","ΖΩΗΣ","Ανανέωση",NA,"09/04/2016","09/05/2016","ΑΤΤΙΚΗ","ΑΘΗΝΑ",18.38,14.69,2.6,257
"11342681","GENERALI","ΖΩΗΣ","Ανανέωση",NA,"09/03/2016","09/04/2016","ΑΤΤΙΚΗ","ΑΘΗΝΑ",53.11,14.69,2.6,257
"11342681","GENERALI","ΖΩΗΣ","Ανανέωση",NA,"09/06/2016","09/07/2016","ΑΤΤΙΚΗ","ΑΘΗΝΑ",18.38,14.69,2.6,257
"11342681","GENERALI","ΖΩΗΣ","Ανανέωση",NA,"09/07/2016","09/08/2016","ΑΤΤΙΚΗ","ΑΘΗΝΑ",18.38,14.69,2.6,257
"1993687","Eurolife FFH","ΑΥΤΟΚΙΝΗΤΩΝ","Νέο Συμβόλαιο","ΥΝΚ8956","07/11/2016","07/05/2017","ΑΤΤΙΚΗ","ΑΘΗΝΑ",101.12,69.51,13.9,1717
"30510521","ΙΝΤΕΡΑΜΕΡΙΚΑΝ","ΑΥΤΟΚΙΝΗΤΩΝ","Π Πράξη Μετατροπής","ΥΝΚ8956","07/11/2015","07/05/2016","ΑΤΤΙΚΗ","ΑΘΗΝΑ",18.4,12.71,2.54,1717
"30510521","ΙΝΤΕΡΑΜΕΡΙΚΑΝ","ΑΥΤΟΚΙΝΗΤΩΝ","Νέο Συμβόλαιο","ΥΝΚ8956","07/11/2015","07/05/2016","ΑΤΤΙΚΗ","ΑΘΗΝΑ",82.26,56.31,11.26,1717
"30510521","ΙΝΤΕΡΑΜΕΡΙΚΑΝ","ΑΥΤΟΚΙΝΗΤΩΝ","Ανανέωση","ΥΝΚ8956","07/05/2016","07/11/2016","ΑΤΤΙΚΗ","ΑΘΗΝΑ",101.08,69.31,13.86,1717
"30728727","ΙΝΤΕΡΑΜΕΡΙΚΑΝ","ΑΥΤΟΚΙΝΗΤΩΝ","Νέο Συμβόλαιο","ΑΧΡ2432","11/05/2016","11/11/2016","ΑΤΤΙΚΗ","ΑΘΗΝΑ",97.15,66.56,13.31,1719
"1996170","Eurolife FFH","ΑΥΤΟΚΙΝΗΤΩΝ","Νέο Συμβόλαιο","ΑΧΡ2432","11/11/2016","11/05/2017","ΑΤΤΙΚΗ","ΑΘΗΝΑ",97.16,66.57,13.31,1719
"1926857","Eurolife FFH","ΑΥΤΟΚΙΝΗΤΩΝ","Νέο Συμβόλαιο","ΙΡΤ8464","23/12/2015","23/12/2016","ΑΤΤΙΚΗ","ΖΩΓΡΑΦΟΥ",313.83,215.52,40.95,925
"7199720188","INTERASCO","ΑΥΤΟΚΙΝΗΤΩΝ","Νέο Συμβόλαιο","ΙΒΙ9324","29/10/2016","29/04/2017","ΑΤΤΙΚΗ","ΑΘΗΝΑΙΩΝ",146.28,96.42,19.28,35
"30824661","ΙΝΤΕΡΑΜΕΡΙΚΑΝ","ΑΥΤΟΚΙΝΗΤΩΝ","Νέο Συμβόλαιο","ΡΗΒ648","11/08/2016","11/11/2016","ΑΤΤΙΚΗ","ΑΘΗΝΑΙΩΝ",31.99,22,4.4,35
"1996143","Eurolife FFH","ΑΥΤΟΚΙΝΗΤΩΝ","Νέο Συμβόλαιο","ΡΗΒ648","11/11/2016","11/02/2017","ΑΤΤΙΚΗ","ΑΘΗΝΑΙΩΝ",36.99,25.33,5.07,35
"1996143","Eurolife FFH","ΑΥΤΟΚΙΝΗΤΩΝ","Π Πράξη Μετατροπής","ΡΗΒ648","14/11/2016","11/02/2017","ΑΤΤΙΚΗ","ΑΘΗΝΑΙΩΝ",0.74,0.51,0.1,35
"19012799573","ΙΝΤΕΡΣΑΛΟΝΙΚΑ","ΑΥΤΟΚΙΝΗΤΩΝ","Ανανέωση","ΖΖΤ7316","06/12/2016","06/12/2017",NA,NA,243,164.4,32.88,619
"212730588","ΙΝΤΕΡΣΑΛΟΝΙΚΑ","ΑΥΤΟΚΙΝΗΤΩΝ","Νέο Συμβόλαιο","ΖΖΤ7316","06/12/2015","06/12/2016",NA,NA,243,164.33,32.87,619
"ΡΜ2084","ΣΥΝΕΤΑΙΡΙΣΤΙΚΗ","ΑΥΤΟΚΙΝΗΤΩΝ","Ανανέωση","ΥΝΡ7481","16/11/2016","16/02/2017","ΑΤΤΙΚΗ","ΠΕΙΡΑΙΑΣ",69,46.57,9.31,1766
"ΕΜ0111","ΣΥΝΕΤΑΙΡΙΣΤΙΚΗ","ΑΥΤΟΚΙΝΗΤΩΝ","Νέο Συμβόλαιο","ΥΝΡ7481","16/08/2016","16/11/2016","ΑΤΤΙΚΗ","ΠΕΙΡΑΙΑΣ",69,46.57,9.31,1766
"213223409","ΙΝΤΕΡΣΑΛΟΝΙΚΑ","ΑΥΤΟΚΙΝΗΤΩΝ","Νέο Συμβόλαιο","ΥΧΧ8582","01/12/2016","01/06/2017","ΑΤΤΙΚΗ","ΑΘΗΝΑ",124,84,16.8,99
"7199704983","INTERASCO","ΑΥΤΟΚΙΝΗΤΩΝ","Ανανέωση","ΖΚΝ3732","22/10/2016","22/04/2017","ΑΤΤΙΚΗ","ΓΑΛΑΤΣΙ",136.13,89.72,17.94,494
"7199704983","INTERASCO","ΑΥΤΟΚΙΝΗΤΩΝ","Νέο Συμβόλαιο","ΖΚΝ3732","22/04/2016","22/10/2016","ΑΤΤΙΚΗ","ΓΑΛΑΤΣΙ",137.86,90.84,18.17,494
"213077396","ΙΝΤΕΡΣΑΛΟΝΙΚΑ","ΑΥΤΟΚΙΝΗΤΩΝ","Νέο Συμβόλαιο","ΙΚΤ3896","07/08/2016","07/02/2017",NA,NA,140,95.01,19,336
"1993988","Eurolife FFH","ΑΥΤΟΚΙΝΗΤΩΝ","Νέο Συμβόλαιο","ΟΖΝ635","06/11/2016","06/05/2017","ΑΤΤΙΚΗ","ΑΘΗΝΑ",60.48,41.46,8.29,1718
"1993988","Eurolife FFH","ΑΥΤΟΚΙΝΗΤΩΝ","Π Πράξη Μετατροπής","ΟΖΝ635","08/11/2016","06/05/2017","ΑΤΤΙΚΗ","ΑΘΗΝΑ",2.59,1.79,0.36,1718
"30715526","ΙΝΤΕΡΑΜΕΡΙΚΑΝ","ΑΥΤΟΚΙΝΗΤΩΝ","Νέο Συμβόλαιο","ΟΖΝ635","06/05/2016","06/11/2016","ΑΤΤΙΚΗ","ΑΘΗΝΑ",60.48,41.56,8.31,1718
"ΕΞ3725","ΣΥΝΕΤΑΙΡΙΣΤΙΚΗ","ΑΥΤΟΚΙΝΗΤΩΝ","Νέο Συμβόλαιο","ΙΤΟ5937","11/11/2016","11/02/2017","ΑΤΤΙΚΗ","ΑΘΗΝΑ",89,59.93,11.99,1718
"7199719484","INTERASCO","ΑΥΤΟΚΙΝΗΤΩΝ","Νέο Συμβόλαιο","ΙΖΒ2235","24/10/2016","24/04/2017","ΑΤΤΙΚΗ","ΚΑΜΑΤΕΡΟ",138.41,91.21,18.24,1740
"30702965","ΙΝΤΕΡΑΜΕΡΙΚΑΝ","ΑΥΤΟΚΙΝΗΤΩΝ","Νέο Συμβόλαιο","ΙΖΒ2235","24/04/2016","24/10/2016","ΑΤΤΙΚΗ","ΚΑΜΑΤΕΡΟ",132.11,90.54,18.11,1740
"11439415","GENERALI","ΖΩΗΣ","Νέο Συμβόλαιο",NA,"29/09/2016","29/03/2017","ΑΤΤΙΚΗ","ΚΑΛΛΙΘΕΑ",136.06,107.59,18.29,440
"7199721164","INTERASCO","ΑΥΤΟΚΙΝΗΤΩΝ","Νέο Συμβόλαιο","ΒΟΚ2649","09/11/2016","09/11/2017","ΑΤΤΙΚΗ","ΚΑΛΛΙΘΕΑ",215.52,141.68,28.34,440
"4078","ΣΥΝΕΤΑΙΡΙΣΤΙΚΗ","ΖΩΗΣ","Νέο Συμβόλαιο",NA,"26/09/2016","26/03/2017","ΑΤΤΙΚΗ","ΚΑΛΛΙΘΕΑ",228.3,182.84,31.08,440
"11441611","GENERALI","ΖΩΗΣ","Ανανέωση",NA,"03/11/2016","03/12/2016","ΑΤΤΙΚΗ","ΚΑΛΛΙΘΕΑ",84.97,67.81,15.66,440
"11441611","GENERALI","ΖΩΗΣ","Ανανέωση",NA,"03/12/2016","03/01/2017","ΑΤΤΙΚΗ","ΚΑΛΛΙΘΕΑ",84.97,67.81,15.65,440
"11441611","GENERALI","ΖΩΗΣ","Νέο Συμβόλαιο",NA,"03/10/2016","03/11/2016","ΑΤΤΙΚΗ","ΚΑΛΛΙΘΕΑ",84.97,67.81,15.66,440
"19013031093","ΙΝΤΕΡΣΑΛΟΝΙΚΑ","ΑΥΤΟΚΙΝΗΤΩΝ","Ανανέωση","ΙΖΤ2616","13/11/2016","13/02/2017","ΑΤΤΙΚΗ","ΜΟΣΧΑΤΟ",75,50.83,10.17,1462
"212962111","ΙΝΤΕΡΣΑΛΟΝΙΚΑ","ΑΥΤΟΚΙΝΗΤΩΝ","Νέο Συμβόλαιο","ΙΖΤ2616","13/05/2016","13/11/2016","ΑΤΤΙΚΗ","ΜΟΣΧΑΤΟ",147,99.9,19.98,1462
"11401443","GENERALI","ΖΩΗΣ","Ανανέωση",NA,"07/12/2016","07/01/2017","ΑΤΤΙΚΗ","ΚΡΥΟΝΕΡΙ",55.23,44.68,10.08,1153
"7199715299","INTERASCO","ΑΥΤΟΚΙΝΗΤΩΝ","Νέο Συμβόλαιο","ΙΚΙ5160","04/09/2016","04/03/2017","ΑΤΤΙΚΗ","ΚΡΥΟΝΕΡΙ",160.47,105.75,21.15,1153
"11401443","GENERALI","ΖΩΗΣ","Ανανέωση",NA,"07/09/2016","07/10/2016","ΑΤΤΙΚΗ","ΚΡΥΟΝΕΡΙ",55.23,44.68,10.08,1153
"11401443","GENERALI","ΖΩΗΣ","Νέο Συμβόλαιο",NA,"07/07/2016","07/08/2016","ΑΤΤΙΚΗ","ΚΡΥΟΝΕΡΙ",55.23,44.68,10.08,1153
"11401443","GENERALI","ΖΩΗΣ","Ανανέωση",NA,"07/11/2016","07/12/2016","ΑΤΤΙΚΗ","ΚΡΥΟΝΕΡΙ",55.23,44.68,10.08,1153
"11401443","GENERALI","ΖΩΗΣ","Ανανέωση",NA,"07/10/2016","07/11/2016","ΑΤΤΙΚΗ","ΚΡΥΟΝΕΡΙ",55.23,44.68,10.08,1153
"11401443","GENERALI","ΖΩΗΣ","Ανανέωση",NA,"07/08/2016","07/09/2016","ΑΤΤΙΚΗ","ΚΡΥΟΝΕΡΙ",55.23,44.68,10.08,1153
"11419606","GENERALI","ΖΩΗΣ","Νέο Συμβόλαιο",NA,"12/08/2016","12/09/2016","ΑΤΤΙΚΗ","ΚΑΛΛΙΘΕΑ",47.11,37.76,8.5,938
"11419606","GENERALI","ΖΩΗΣ","Ανανέωση",NA,"12/09/2016","12/10/2016","ΑΤΤΙΚΗ","ΚΑΛΛΙΘΕΑ",47.11,37.76,8.11,938
"11419606","GENERALI","ΖΩΗΣ","Ανανέωση",NA,"12/12/2016","12/01/2017","ΑΤΤΙΚΗ","ΚΑΛΛΙΘΕΑ",47.11,37.76,8.11,938
"11419606","GENERALI","ΖΩΗΣ","Ανανέωση",NA,"12/10/2016","12/11/2016","ΑΤΤΙΚΗ","ΚΑΛΛΙΘΕΑ",47.11,37.76,8.11,938
"11419606","GENERALI","ΖΩΗΣ","Ανανέωση",NA,"12/11/2016","12/12/2016","ΑΤΤΙΚΗ","ΚΑΛΛΙΘΕΑ",47.11,37.76,8.11,938
"1521344","INTERNATIONAL LIFE","ΑΥΤΟΚΙΝΗΤΩΝ","Νέο Συμβόλαιο","ΑΑΧ0957","04/04/2016","04/07/2016",NA,NA,27,16.47,3.29,841
"6168943","GROUPAMA","ΠΥΡΟΣ","Νέο Συμβόλαιο",NA,"04/10/2016","04/10/2017","ΑΤΤΙΚΗ","ΠΕΙΡΑΙΑΣ",70.33,50.94,12.23,152
"ΕΝ4827","ΣΥΝΕΤΑΙΡΙΣΤΙΚΗ","ΑΥΤΟΚΙΝΗΤΩΝ","Νέο Συμβόλαιο","ΥΟΟ8663","09/10/2016","09/01/2017","ΑΤΤΙΚΗ","ΑΘΗΝΑ",57.5,38.99,7.8,1482
"7199706827","INTERASCO","ΑΥΤΟΚΙΝΗΤΩΝ","Νέο Συμβόλαιο","ΥΝΥ8681","18/05/2016","18/05/2017","ΑΤΤΙΚΗ","ΚΡΥΟΝΕΡΙ",278.58,183.63,36.73,371
"11334282","GENERALI","ΖΩΗΣ","Ανανέωση",NA,"22/11/2016","22/12/2016","ΑΤΤΙΚΗ","ΚΑΙΣΑΡΙΑΝΗ",15.89,12.57,2.13,148
"11334282","GENERALI","ΖΩΗΣ","Ανανέωση",NA,"22/06/2016","22/07/2016","ΑΤΤΙΚΗ","ΚΑΙΣΑΡΙΑΝΗ",15.89,12.57,2.13,148
"11334282","GENERALI","ΖΩΗΣ","Ανανέωση",NA,"22/04/2016","22/05/2016","ΑΤΤΙΚΗ","ΚΑΙΣΑΡΙΑΝΗ",15.89,12.57,2.13,148
"11334282","GENERALI","ΖΩΗΣ","Ανανέωση",NA,"22/05/2016","22/06/2016","ΑΤΤΙΚΗ","ΚΑΙΣΑΡΙΑΝΗ",15.89,12.57,2.13,148
"11334282","GENERALI","ΖΩΗΣ","Ανανέωση",NA,"22/10/2016","22/11/2016","ΑΤΤΙΚΗ","ΚΑΙΣΑΡΙΑΝΗ",15.89,12.57,2.13,148
"11380184","GENERALI","ΖΩΗΣ","Ανανέωση",NA,"25/06/2016","25/07/2016","ΑΤΤΙΚΗ","ΚΑΙΣΑΡΙΑΝΗ",44.47,35.67,7.95,148
"11380184","GENERALI","ΖΩΗΣ","Ανανέωση",NA,"25/07/2016","25/08/2016","ΑΤΤΙΚΗ","ΚΑΙΣΑΡΙΑΝΗ",44.47,35.67,8.37,148
"11380184","GENERALI","ΖΩΗΣ","Ανανέωση",NA,"25/08/2016","25/09/2016","ΑΤΤΙΚΗ","ΚΑΙΣΑΡΙΑΝΗ",44.47,35.67,7.95,148
"11334282","GENERALI","ΖΩΗΣ","Ανανέωση",NA,"22/03/2016","22/04/2016","ΑΤΤΙΚΗ","ΚΑΙΣΑΡΙΑΝΗ",15.89,12.57,2.13,148
"11380184","GENERALI","ΖΩΗΣ","Νέο Συμβόλαιο",NA,"25/05/2016","25/06/2016","ΑΤΤΙΚΗ","ΚΑΙΣΑΡΙΑΝΗ",44.47,35.67,7.95,148
"11334282","GENERALI","ΖΩΗΣ","Ανανέωση",NA,"22/08/2016","22/09/2016","ΑΤΤΙΚΗ","ΚΑΙΣΑΡΙΑΝΗ",15.89,12.57,2.13,148
"11334282","GENERALI","ΖΩΗΣ","Ανανέωση",NA,"22/12/2016","22/01/2017","ΑΤΤΙΚΗ","ΚΑΙΣΑΡΙΑΝΗ",15.89,12.57,2.13,148
"11380184","GENERALI","ΖΩΗΣ","Ανανέωση",NA,"25/09/2016","25/10/2016","ΑΤΤΙΚΗ","ΚΑΙΣΑΡΙΑΝΗ",44.47,35.67,7.95,148
"11334282","GENERALI","ΖΩΗΣ","Νέο Συμβόλαιο",NA,"22/02/2016","22/03/2016","ΑΤΤΙΚΗ","ΚΑΙΣΑΡΙΑΝΗ",50.62,12.57,2.13,148
"11380184","GENERALI","ΖΩΗΣ","Ανανέωση",NA,"25/10/2016","25/11/2016","ΑΤΤΙΚΗ","ΚΑΙΣΑΡΙΑΝΗ",44.47,35.67,7.95,148
"11334282","GENERALI","ΖΩΗΣ","Ανανέωση",NA,"22/07/2016","22/08/2016","ΑΤΤΙΚΗ","ΚΑΙΣΑΡΙΑΝΗ",15.89,12.57,2.13,148
"11334282","GENERALI","ΖΩΗΣ","Ανανέωση",NA,"22/09/2016","22/10/2016","ΑΤΤΙΚΗ","ΚΑΙΣΑΡΙΑΝΗ",15.89,12.57,2.13,148
"11380184","GENERALI","ΖΩΗΣ","Ανανέωση",NA,"25/12/2016","25/01/2017","ΑΤΤΙΚΗ","ΚΑΙΣΑΡΙΑΝΗ",44.47,35.67,7.95,148
"11380184","GENERALI","ΖΩΗΣ","Ανανέωση",NA,"25/11/2016","25/12/2016","ΑΤΤΙΚΗ","ΚΑΙΣΑΡΙΑΝΗ",44.47,35.67,7.95,148
"212998300","ΙΝΤΕΡΣΑΛΟΝΙΚΑ","ΑΥΤΟΚΙΝΗΤΩΝ","Νέο Συμβόλαιο","ΖΖΚ7207","06/06/2016","06/12/2016","ΑΤΤΙΚΗ","ΑΘΗΝΑ",142,96.17,19.23,754
"19013067281","ΙΝΤΕΡΣΑΛΟΝΙΚΑ","ΑΥΤΟΚΙΝΗΤΩΝ","Ανανέωση","ΖΖΚ7207","06/12/2016","06/06/2017","ΑΤΤΙΚΗ","ΑΘΗΝΑ",142,96.17,19.23,754
"19013121494","ΙΝΤΕΡΣΑΛΟΝΙΚΑ","ΑΥΤΟΚΙΝΗΤΩΝ","Π Πράξη Μετατροπής","ΙΟΧ1615","14/07/2016","14/01/2017","ΑΤΤΙΚΗ","ΝΕΑ ΙΩΝΙΑ",86.71,59.72,11.94,1703
"19013121494","ΙΝΤΕΡΣΑΛΟΝΙΚΑ","ΑΥΤΟΚΙΝΗΤΩΝ","Νέο Συμβόλαιο","ΙΟΧ1615","14/07/2016","14/01/2017","ΑΤΤΙΚΗ","ΝΕΑ ΙΩΝΙΑ",133,90.02,18,1703
"1302262","ΑΤΛΑΝΤΙΚΗ ΕΝΩΣΗ","ΑΥΤΟΚΙΝΗΤΩΝ","Νέο Συμβόλαιο","ΙΝΡ0035","30/12/2016","30/06/2017","ΑΤΤΙΚΗ","ΑΘΗΝΑ",90.5,59.03,11.81,542
"1302262","ΑΤΛΑΝΤΙΚΗ ΕΝΩΣΗ","ΑΥΤΟΚΙΝΗΤΩΝ","Π Πράξη Μετατροπής","ΙΝΡ0035","30/12/2016","30/06/2017","ΑΤΤΙΚΗ","ΑΘΗΝΑ",20.23,13.34,2.67,542
"7199710485","INTERASCO","ΑΥΤΟΚΙΝΗΤΩΝ","Νέο Συμβόλαιο","ΥΝΟ7524","05/07/2016","05/07/2017",NA,NA,302.19,199.19,39.84,17
"GR1600001315","MONDIAL ASSISTANCE","ΟΔΙΚΗΣ ΒΟΗΘΕΙΑΣ","Νέο Συμβόλαιο","ΙΕΜ2278","05/02/2016","05/08/2016","ΑΙΤΩΛΟΚΑΡΝΑΝΙΑ","ΑΓΡΙΝΙΟΥ",24,18.29,4.57,1399
"7199723933","INTERASCO","ΑΥΤΟΚΙΝΗΤΩΝ","Νέο Συμβόλαιο","ΙΗΑ1111","11/12/2016","11/12/2017","ΑΤΤΙΚΗ","ΧΑΛΑΝΔΡΙΟΥ",328.19,216.4,43.28,1757
"ΕΟ3548","ΣΥΝΕΤΑΙΡΙΣΤΙΚΗ","ΑΥΤΟΚΙΝΗΤΩΝ","Νέο Συμβόλαιο","ΑΙΜ7557","29/12/2016","29/06/2017",NA,NA,82,56.23,11.25,1769
"30515483","ΙΝΤΕΡΑΜΕΡΙΚΑΝ","ΑΥΤΟΚΙΝΗΤΩΝ","Νέο Συμβόλαιο","ΙΡΚ4957","06/11/2015","06/05/2016","ΑΤΤΙΚΗ","ΠΑΤΗΜΑ ΧΑΛΑΝΔΡΙΟΥ",141.89,97.32,19.46,342
"1994160","Eurolife FFH","ΑΥΤΟΚΙΝΗΤΩΝ","Νέο Συμβόλαιο","ΙΡΚ4957","06/11/2016","06/05/2017","ΑΤΤΙΚΗ","ΠΑΤΗΜΑ ΧΑΛΑΝΔΡΙΟΥ",145.98,100.32,20.06,342
"30515483","ΙΝΤΕΡΑΜΕΡΙΚΑΝ","ΑΥΤΟΚΙΝΗΤΩΝ","Ανανέωση","ΙΡΚ4957","06/05/2016","06/11/2016","ΑΤΤΙΚΗ","ΠΑΤΗΜΑ ΧΑΛΑΝΔΡΙΟΥ",145.97,100.12,20.02,342
"7199708316","INTERASCO","ΑΥΤΟΚΙΝΗΤΩΝ","Νέο Συμβόλαιο","ΙΜΜ7927","03/06/2016","03/06/2017","ΑΤΤΙΚΗ","ΑΧΑΡΝΩΝ",279.63,184.44,36.89,1197
"213192896","ΙΝΤΕΡΣΑΛΟΝΙΚΑ","ΑΥΤΟΚΙΝΗΤΩΝ","Νέο Συμβόλαιο","ΖΥΟ8503","09/11/2016","09/05/2017","ΑΤΤΙΚΗ","ΑΘΗΝΑ",132,89.26,17.85,467
"213249086","ΙΝΤΕΡΣΑΛΟΝΙΚΑ","ΑΥΤΟΚΙΝΗΤΩΝ","Νέο Συμβόλαιο","ΥΒΜ5332","23/12/2016","23/06/2017",NA,NA,166,112.84,22.57,1726
"30719006402","ΑΓΡΟΤΙΚΗ ΑΣΦΑΛΙΣΤΙΚΗ","ΑΥΤΟΚΙΝΗΤΩΝ","Ανανέωση","ΖΜΑ3148","15/07/2016","15/01/2017","ΑΤΤΙΚΗ","ΑΘΗΝΑ",304.41,207.52,24.9,1741
"ΕΝ1644","ΣΥΝΕΤΑΙΡΙΣΤΙΚΗ","ΑΥΤΟΚΙΝΗΤΩΝ","Νέο Συμβόλαιο","ΥΒΤ1134","06/10/2016","06/04/2017","ΑΤΤΙΚΗ","ΑΘΗΝΑ",147.5,102.75,20.55,1741
"ΕΗ0360","ΣΥΝΕΤΑΙΡΙΣΤΙΚΗ","ΑΥΤΟΚΙΝΗΤΩΝ","Νέο Συμβόλαιο","ΥΒΤ1134","05/01/2016","05/04/2016","ΑΤΤΙΚΗ","ΑΘΗΝΑ",94.5,64.31,12.86,1741
"ΕΕ6518","ΣΥΝΕΤΑΙΡΙΣΤΙΚΗ","ΑΥΤΟΚΙΝΗΤΩΝ","Νέο Συμβόλαιο","ΥΒΤ1134","02/10/2015","02/01/2016","ΑΤΤΙΚΗ","ΑΘΗΝΑ",94.5,64.31,12.86,1741
"30361432","ΙΝΤΕΡΑΜΕΡΙΚΑΝ","ΑΥΤΟΚΙΝΗΤΩΝ","Ανανέωση","ΖΗΖ8612","12/11/2015","12/05/2016","ΑΤΤΙΚΗ","ΑΘΗΝΑ",101.48,69.57,13.91,570
"30361432","ΙΝΤΕΡΑΜΕΡΙΚΑΝ","ΑΥΤΟΚΙΝΗΤΩΝ","Ανανέωση","ΖΗΖ8612","12/05/2016","12/11/2016","ΑΤΤΙΚΗ","ΑΘΗΝΑ",102.42,70.14,14.03,570
"1996268","Eurolife FFH","ΑΥΤΟΚΙΝΗΤΩΝ","Νέο Συμβόλαιο","ΟΑΗ386","12/11/2016","12/05/2017","ΑΤΤΙΚΗ","ΑΘΗΝΑ",61.94,42.45,8.49,570
"30361516","ΙΝΤΕΡΑΜΕΡΙΚΑΝ","ΑΥΤΟΚΙΝΗΤΩΝ","Ανανέωση","ΟΑΗ386","12/05/2016","12/11/2016","ΑΤΤΙΚΗ","ΑΘΗΝΑ",61.93,42.58,8.52,570
"1996268","Eurolife FFH","ΑΥΤΟΚΙΝΗΤΩΝ","Π Πράξη Μετατροπής","ΟΑΗ386","15/11/2016","12/05/2017","ΑΤΤΙΚΗ","ΑΘΗΝΑ",1.2,0.83,0.17,570
"1996174","Eurolife FFH","ΑΥΤΟΚΙΝΗΤΩΝ","Νέο Συμβόλαιο","ΖΗΖ8612","12/11/2016","12/05/2017","ΑΤΤΙΚΗ","ΑΘΗΝΑ",102.39,70.34,14.07,570
"30361516","ΙΝΤΕΡΑΜΕΡΙΚΑΝ","ΑΥΤΟΚΙΝΗΤΩΝ","Ανανέωση","ΟΑΗ386","12/11/2015","12/05/2016","ΑΤΤΙΚΗ","ΑΘΗΝΑ",61.29,42.12,8.42,570
"1501804","INTERNATIONAL LIFE","ΑΥΤΟΚΙΝΗΤΩΝ","Νέο Συμβόλαιο","ΧΑΙ2773","23/02/2016","23/02/2017","ΛΕΣΒΟΥ","ΠΑΠΠΑΔΟΣ",124,82.42,16.3,745
"212816526","ΙΝΤΕΡΣΑΛΟΝΙΚΑ","ΑΥΤΟΚΙΝΗΤΩΝ","Νέο Συμβόλαιο","ΥΝΜ1680","14/02/2016","14/08/2016","ΑΤΤΙΚΗ","ΠΕΙΡΑΙΑΣ",111,75.24,15.05,42
"19012885510","ΙΝΤΕΡΣΑΛΟΝΙΚΑ","ΑΥΤΟΚΙΝΗΤΩΝ","Ανανέωση","ΥΝΜ1680","14/08/2016","14/02/2017","ΑΤΤΙΚΗ","ΠΕΙΡΑΙΑΣ",111,75.11,15.02,42
"30457373","ΙΝΤΕΡΑΜΕΡΙΚΑΝ","ΑΥΤΟΚΙΝΗΤΩΝ","Νέο Συμβόλαιο","ΧΤΕ859","19/09/2015","19/09/2016",NA,NA,79.96,55.14,11.03,824
"31519063991","ΑΓΡΟΤΙΚΗ ΑΣΦΑΛΙΣΤΙΚΗ","ΑΥΤΟΚΙΝΗΤΩΝ","Ανανέωση","ΤΖΝ0090","16/12/2016","16/06/2017","ΑΤΤΙΚΗ","ΑΓΙΟΣ ΔΗΜΗΤΡΙΟΣ",44.76,30.54,6.11,373
"31519063991","ΑΓΡΟΤΙΚΗ ΑΣΦΑΛΙΣΤΙΚΗ","ΑΥΤΟΚΙΝΗΤΩΝ","Ανανέωση","ΤΖΝ0090","16/06/2016","16/12/2016","ΑΤΤΙΚΗ","ΑΓΙΟΣ ΔΗΜΗΤΡΙΟΣ",41.99,28.64,5.73,373
"31519063991","ΑΓΡΟΤΙΚΗ ΑΣΦΑΛΙΣΤΙΚΗ","ΑΥΤΟΚΙΝΗΤΩΝ","Π Πράξη Μετατροπής","ΤΖΝ0090","16/06/2016","16/12/2016","ΑΤΤΙΚΗ","ΑΓΙΟΣ ΔΗΜΗΤΡΙΟΣ",6.59,4.49,0.9,373
"213054458","ΙΝΤΕΡΣΑΛΟΝΙΚΑ","ΑΥΤΟΚΙΝΗΤΩΝ","Νέο Συμβόλαιο","ΙΟΟ6256","17/07/2016","17/01/2017","ΑΤΤΙΚΗ","ΑΓΙΟΣ ΔΗΜΗΤΡΙΟΣ",151,102.53,20.51,1118
"1992582","Eurolife FFH","ΑΥΤΟΚΙΝΗΤΩΝ","Νέο Συμβόλαιο","ΙΒΜ6245","28/10/2016","28/04/2017",NA,NA,115.26,79.05,15.81,1715
"9190001340","ΕΥΡΩΠΗ ΑΕΓΑ","ΑΥΤΟΚΙΝΗΤΩΝ","Νέο Συμβόλαιο","ΙΝΧ4213","04/08/2016","04/02/2017",NA,NA,115.61,76.04,16.54,694
"213051689","ΙΝΤΕΡΣΑΛΟΝΙΚΑ","ΑΥΤΟΚΙΝΗΤΩΝ","Νέο Συμβόλαιο","ΖΜΜ4827","14/07/2016","14/10/2016","ΑΤΤΙΚΗ","ΑΘΗΝΑ",61,40.95,8.19,758
"5600","LLOYDS","ΑΣΤΙΚΗΣ ΕΥΘΥΝΗΣ","Ανανέωση",NA,"24/06/2016","24/06/2017","ΑΤΤΙΚΗ","ΑΘΗΝΑ",170.78,129.13,0,758
"19013120670","ΙΝΤΕΡΣΑΛΟΝΙΚΑ","ΑΥΤΟΚΙΝΗΤΩΝ","Ανανέωση","ΖΜΜ4827","14/10/2016","14/01/2017","ΑΤΤΙΚΗ","ΑΘΗΝΑ",61,40.95,8.19,758
"30607250","ΙΝΤΕΡΑΜΕΡΙΚΑΝ","ΑΥΤΟΚΙΝΗΤΩΝ","Νέο Συμβόλαιο","ΑΑΑ976","16/03/2016","16/03/2017","ΑΧΑΪΑΣ","ΠΑΤΡΑ",67.43,46.4,9.28,1737
"6133803","GROUPAMA","ΖΩΗΣ","Ανανέωση",NA,"18/06/2016","18/09/2016","ΑΤΤΙΚΗ","Ν. ΙΩΝΙΑ",102.03,86.77,11.91,343
"6133803","GROUPAMA","ΖΩΗΣ","Ανανέωση",NA,"18/03/2016","18/06/2016","ΑΤΤΙΚΗ","Ν. ΙΩΝΙΑ",102.03,86.77,11.91,343
"6133803","GROUPAMA","ΖΩΗΣ","Νέο Συμβόλαιο",NA,"18/09/2015","18/12/2015","ΑΤΤΙΚΗ","Ν. ΙΩΝΙΑ",102.02,86.77,11.91,343
"6133803","GROUPAMA","ΖΩΗΣ","Ανανέωση",NA,"18/09/2016","18/12/2016","ΑΤΤΙΚΗ","Ν. ΙΩΝΙΑ",115.71,86.77,11.91,343
"6133803","GROUPAMA","ΖΩΗΣ","Ανανέωση",NA,"18/12/2015","18/03/2016","ΑΤΤΙΚΗ","Ν. ΙΩΝΙΑ",102.03,86.77,11.91,343
"6133803","GROUPAMA","ΖΩΗΣ","Ανανέωση",NA,"18/12/2016","18/03/2017","ΑΤΤΙΚΗ","Ν. ΙΩΝΙΑ",115.71,98.41,11.91,343
"P1901071586","AIG","ΠΥΡΟΣ","Π Πράξη Μετατροπής",NA,"21/04/2016","15/12/2016","ΑΤΤΙΚΗ","ΧΑΙΔΑΡΙ",2.01,1.52,0.35,16
"P1901071586","AIG","ΠΥΡΟΣ","Νέο Συμβόλαιο",NA,"15/12/2015","15/12/2016","ΑΤΤΙΚΗ","ΧΑΙΔΑΡΙ",461.48,348.3,72.84,16
"11287316","GENERALI","ΖΩΗΣ","Ανανέωση",NA,"18/07/2016","18/08/2016",NA,NA,32.81,25.95,4.41,203
"11287316","GENERALI","ΖΩΗΣ","Ανανέωση",NA,"18/10/2016","18/11/2016",NA,NA,32.81,25.95,4.41,203
"11287316","GENERALI","ΖΩΗΣ","Ανανέωση",NA,"18/12/2015","18/01/2016",NA,NA,32.81,25.95,4.41,203
"11287316","GENERALI","ΖΩΗΣ","Ανανέωση",NA,"18/04/2016","18/05/2016",NA,NA,32.81,25.95,4.41,203
"11287316","GENERALI","ΖΩΗΣ","Ανανέωση",NA,"18/01/2016","18/02/2016",NA,NA,32.81,25.95,4.41,203
"11287316","GENERALI","ΖΩΗΣ","Ανανέωση",NA,"18/08/2016","18/09/2016",NA,NA,32.81,25.95,4.41,203
"11287316","GENERALI","ΖΩΗΣ","Ανανέωση",NA,"18/03/2016","18/04/2016",NA,NA,32.81,25.95,4.41,203
"11287316","GENERALI","ΖΩΗΣ","Ανανέωση",NA,"18/02/2016","18/03/2016",NA,NA,32.81,25.95,4.41,203
"11287316","GENERALI","ΖΩΗΣ","Ανανέωση",NA,"18/05/2016","18/06/2016",NA,NA,32.81,25.95,4.41,203
"11287316","GENERALI","ΖΩΗΣ","Ανανέωση",NA,"18/12/2016","18/01/2017",NA,NA,33.57,26.55,4.51,203
"11287316","GENERALI","ΖΩΗΣ","Νέο Συμβόλαιο",NA,"18/11/2015","18/12/2015",NA,NA,67.54,25.95,4.41,203
"11287316","GENERALI","ΖΩΗΣ","Ανανέωση",NA,"18/09/2016","18/10/2016",NA,NA,32.81,25.95,4.41,203
"11287316","GENERALI","ΖΩΗΣ","Ανανέωση",NA,"18/06/2016","18/07/2016",NA,NA,32.81,25.95,4.41,203
"11287316","GENERALI","ΖΩΗΣ","Ανανέωση",NA,"18/11/2016","18/12/2016",NA,NA,33.57,26.55,4.51,203
"7199713608","INTERASCO","ΑΥΤΟΚΙΝΗΤΩΝ","Νέο Συμβόλαιο","ΥΤΕ9609","04/08/2016","04/08/2017","ΑΤΤΙΚΗ","ΑΤΤΙΚΗ",256.54,169.09,33.82,45
"30531382","ΙΝΤΕΡΑΜΕΡΙΚΑΝ","ΑΥΤΟΚΙΝΗΤΩΝ","Ανανέωση","ΙΚΑ5609","31/12/2016","31/12/2017","ΑΤΤΙΚΗ","ΠΕΙΡΑΙΑΣ",246.02,168.41,33.68,1735
"30531382","ΙΝΤΕΡΑΜΕΡΙΚΑΝ","ΑΥΤΟΚΙΝΗΤΩΝ","Νέο Συμβόλαιο","ΙΚΑ5609","31/12/2015","31/12/2016","ΑΤΤΙΚΗ","ΠΕΙΡΑΙΑΣ",231.82,158.73,31.75,1735
"19012744240","ΙΝΤΕΡΣΑΛΟΝΙΚΑ","ΑΥΤΟΚΙΝΗΤΩΝ","Ανανέωση","ΙΜΑ2444","19/10/2016","19/04/2017","ΑΤΤΙΚΗ","Ν. ΨΥΧΙΚΟ",149,100.86,20.17,340
"212675252","ΙΝΤΕΡΣΑΛΟΝΙΚΑ","ΑΥΤΟΚΙΝΗΤΩΝ","Νέο Συμβόλαιο","ΙΜΑ2444","19/10/2015","19/04/2016","ΑΤΤΙΚΗ","Ν. ΨΥΧΙΚΟ",165,111.74,22.35,340
"19012744240","ΙΝΤΕΡΣΑΛΟΝΙΚΑ","ΑΥΤΟΚΙΝΗΤΩΝ","Ανανέωση","ΙΜΑ2444","19/04/2016","19/10/2016","ΑΤΤΙΚΗ","Ν. ΨΥΧΙΚΟ",165,111.74,22.35,340
"31619064506","ΑΓΡΟΤΙΚΗ ΑΣΦΑΛΙΣΤΙΚΗ","ΑΥΤΟΚΙΝΗΤΩΝ","Νέο Συμβόλαιο","ΝΗΥ6828","11/07/2016","11/07/2017","ΛΕΣΒΟΥ","ΠΑΠΠΑΔΟΣ",185.11,126.3,25.26,1330
"19.254244400000001","INTERLIFE ΑΣΦΑΛΙΣΤΙΚΗ","ΑΥΤΟΚΙΝΗΤΩΝ","Νέο Συμβόλαιο","ΥΖΟ959","02/12/2015","02/01/2016","ΛΕΣΒΟΥ","ΜΥΤΙΛΗΝΗΣ",21.56,14.84,2.08,1695
"213206878","ΙΝΤΕΡΣΑΛΟΝΙΚΑ","ΑΥΤΟΚΙΝΗΤΩΝ","Νέο Συμβόλαιο","ΝΚΡ0572","16/11/2016","16/05/2017","ΑΤΤΙΚΗ","ΑΘΗΝΑ",121,81.74,16.35,433
"31619085938","ΑΓΡΟΤΙΚΗ ΑΣΦΑΛΙΣΤΙΚΗ","ΑΥΤΟΚΙΝΗΤΩΝ","Νέο Συμβόλαιο","ΒΝΙ0727","22/09/2016","22/03/2017","ΑΤΤΙΚΗ","ΚΑΛΛΙΘΕΑ ΑΤΤΙΚΗΣ",95.65,65.24,13.05,812
"213147486","ΙΝΤΕΡΣΑΛΟΝΙΚΑ","ΑΥΤΟΚΙΝΗΤΩΝ","Νέο Συμβόλαιο","ΥΝΧ2890","29/09/2016","29/03/2017","ΑΤΤΙΚΗ","ΑΤΤΙΚΗ",129,87.28,17.46,1167
"31619045991","ΑΓΡΟΤΙΚΗ ΑΣΦΑΛΙΣΤΙΚΗ","ΑΥΤΟΚΙΝΗΤΩΝ","Νέο Συμβόλαιο","ΜΥΖ7620","12/05/2016","12/05/2017","ΑΤΤΙΚΗ","ΝΕΑ ΣΜΥΡΝΗ",130.57,89.1,17.82,992
"11468994","GENERALI","ΖΩΗΣ","Νέο Συμβόλαιο",NA,"02/12/2016","02/01/2017","ΑΤΤΙΚΗ","ΝΕΑ ΙΩΝΙΑ ΑΤΤΙΚΗΣ",28.41,22.99,4.89,246
"213206900","ΙΝΤΕΡΣΑΛΟΝΙΚΑ","ΑΥΤΟΚΙΝΗΤΩΝ","Νέο Συμβόλαιο","ΖΧΒ0919","16/11/2016","16/05/2017","ΑΤΤΙΚΗ","ΑΘΗΝΑ",67,45.25,9.05,1724
"102812663","ALLIANZ ΕΥΡΩΠΑΙΚΗ ΠΙΣΤΗ","ΑΥΤΟΚΙΝΗΤΩΝ","Νέο Συμβόλαιο","ΚΑΗ8353","23/12/2016","23/06/2017",NA,NA,107.02,71.93,14.39,1678
"213110927","ΙΝΤΕΡΣΑΛΟΝΙΚΑ","ΑΥΤΟΚΙΝΗΤΩΝ","Νέο Συμβόλαιο","ΥΚΥ2827","31/08/2016","28/02/2017","ΑΤΤΙΚΗ","ΑΝΩ ΛΙΟΣΙΑ",145,98.15,19.63,886
"7199709536","INTERASCO","ΑΥΤΟΚΙΝΗΤΩΝ","Νέο Συμβόλαιο","ΑΙΡ3516","15/06/2016","15/12/2016","ΑΤΤΙΚΗ","ΑΘΗΝΑ",152.87,100.6,20.12,237
"213144036","ΙΝΤΕΡΣΑΛΟΝΙΚΑ","ΑΥΤΟΚΙΝΗΤΩΝ","Νέο Συμβόλαιο","ΤΖΜ0293","27/09/2016","27/03/2017",NA,NA,32,21.31,4.26,1155
"11397677","GENERALI","ΖΩΗΣ","Ανανέωση",NA,"30/08/2016","30/09/2016","ΑΤΤΙΚΗ","ΑΘΗΝΑ",23.36,18.48,3.13,1679
"11397677","GENERALI","ΖΩΗΣ","Ανανέωση",NA,"30/12/2016","30/01/2017","ΑΤΤΙΚΗ","ΑΘΗΝΑ",23.36,18.48,3.13,1679
"11397677","GENERALI","ΖΩΗΣ","Ανανέωση",NA,"30/07/2016","30/08/2016","ΑΤΤΙΚΗ","ΑΘΗΝΑ",23.36,18.48,3.13,1679
"11397677","GENERALI","ΖΩΗΣ","Νέο Συμβόλαιο",NA,"30/06/2016","30/07/2016","ΑΤΤΙΚΗ","ΑΘΗΝΑ",58.09,18.48,3.13,1679
"11397677","GENERALI","ΖΩΗΣ","Ανανέωση",NA,"30/11/2016","30/12/2016","ΑΤΤΙΚΗ","ΑΘΗΝΑ",23.36,18.48,3.13,1679
"31619014987","ΑΓΡΟΤΙΚΗ ΑΣΦΑΛΙΣΤΙΚΗ","ΑΥΤΟΚΙΝΗΤΩΝ","Νέο Συμβόλαιο","ΗΒΤ0970","22/02/2016","22/08/2016","ΑΤΤΙΚΗ","ΑΘΗΝΑΙΩΝ",61.21,41.85,8.37,1744
"31619014987","ΑΓΡΟΤΙΚΗ ΑΣΦΑΛΙΣΤΙΚΗ","ΑΥΤΟΚΙΝΗΤΩΝ","Ανανέωση","ΗΒΤ0970","22/08/2016","22/02/2017","ΑΤΤΙΚΗ","ΑΘΗΝΑΙΩΝ",61.21,41.85,8.37,1744
"136829","ΙΝΤΕΡΣΑΛΟΝΙΚΑ","ΖΩΗΣ","Νέο Συμβόλαιο",NA,"30/09/2016","30/09/2017",NA,NA,130,96.61,25.74,1686
"136830","ΙΝΤΕΡΣΑΛΟΝΙΚΑ","ΖΩΗΣ","Νέο Συμβόλαιο",NA,"29/09/2016","29/09/2017","ΑΤΤΙΚΗ","ΑΘΗΝΑ",130,96.61,25.74,1687
"1184888","ΑΤΛΑΝΤΙΚΗ ΕΝΩΣΗ","ΑΥΤΟΚΙΝΗΤΩΝ","Ανανέωση","ΑΙΜ2174","22/07/2016","22/01/2017",NA,NA,117.5,77.16,13.74,1682
"1184888","ΑΤΛΑΝΤΙΚΗ ΕΝΩΣΗ","ΑΥΤΟΚΙΝΗΤΩΝ","Ανανέωση","ΑΙΜ2174","22/01/2016","22/07/2016",NA,NA,117.5,77.11,13.73,1682
"30612782","ΙΝΤΕΡΑΜΕΡΙΚΑΝ","ΠΥΡΟΣ","Νέο Συμβόλαιο",NA,"12/01/2016","12/01/2017","ΑΙΤΩΛΟΚΑΡΝΑΝΙΑ","ΘΕΡΜΟΥ",84.99,64.03,16.65,1738
"1489326","INTERNATIONAL LIFE","ΑΥΤΟΚΙΝΗΤΩΝ","Νέο Συμβόλαιο","ΑΙΡ2983","24/01/2016","24/07/2016","ΑΙΤΩΛΟΚΑΡΝΑΝΙΑ","ΝΕΟΧΩΡΙ ΑΙΤΩΛ.ΝΙΑΣ",114,74.07,14.72,24
"3190119240","PRIME INSURANCE","ΑΥΤΟΚΙΝΗΤΩΝ","Νέο Συμβόλαιο","ΑΙΡ2983","24/07/2016","24/01/2017","ΑΙΤΩΛΟΚΑΡΝΑΝΙΑ","ΝΕΟΧΩΡΙ ΑΙΤΩΛ.ΝΙΑΣ",113.29,80.2,16.04,24
"ΕΛ5992","ΣΥΝΕΤΑΙΡΙΣΤΙΚΗ","ΑΥΤΟΚΙΝΗΤΩΝ","Νέο Συμβόλαιο","ΑΙΝ2941","01/08/2016","01/02/2017","ΑΙΤΩΛΟΚΑΡΝΑΝΙΑ","ΑΡΑΚΥΝΘΟΥ/ΜΑΤΑΡΑΓΚΑΣ",137.5,95.29,19.06,39
"1989640","Eurolife FFH","ΑΥΤΟΚΙΝΗΤΩΝ","Π Πράξη Μετατροπής","ΒΗΒ3","18/10/2016","18/04/2017","ΑΤΤΙΚΗ","ΚΟΡΥΔΑΛΛΟΣ",0.76,0.53,0.11,1712
"9788938","ΙΝΤΕΡΑΜΕΡΙΚΑΝ","ΑΥΤΟΚΙΝΗΤΩΝ","Ανανέωση","ΒΗΒ3","18/04/2016","18/10/2016","ΑΤΤΙΚΗ","ΚΟΡΥΔΑΛΛΟΣ",39.46,27.14,5.43,1712
"1989640","Eurolife FFH","ΑΥΤΟΚΙΝΗΤΩΝ","Νέο Συμβόλαιο","ΒΗΒ3","18/10/2016","18/04/2017","ΑΤΤΙΚΗ","ΚΟΡΥΔΑΛΛΟΣ",39.45,27.11,5.42,1712
"1505740","INTERNATIONAL LIFE","ΑΥΤΟΚΙΝΗΤΩΝ","Νέο Συμβόλαιο","ΥΚΧ1607","01/03/2016","01/06/2016","ΛΕΣΒΟΥ","ΠΑΠΠΑΔΟΣ",38,24.89,4.93,1693
"1280600","ΑΤΛΑΝΤΙΚΗ ΕΝΩΣΗ","ΑΥΤΟΚΙΝΗΤΩΝ","Νέο Συμβόλαιο","ΑΙΚ2376","24/09/2016","24/03/2017","ΑΙΤΩΛΟΚΑΡΝΑΝΙΑ","ΜΕΣΟΛΟΓΓΙ",124,81.31,14.81,1684
"212790166","ΙΝΤΕΡΣΑΛΟΝΙΚΑ","ΑΥΤΟΚΙΝΗΤΩΝ","Νέο Συμβόλαιο","ΙΖΧ4354","25/01/2016","25/07/2016",NA,NA,139,93.87,18.77,1699
"19012859150","ΙΝΤΕΡΣΑΛΟΝΙΚΑ","ΑΥΤΟΚΙΝΗΤΩΝ","Ανανέωση","ΙΖΧ4354","25/07/2016","25/01/2017",NA,NA,139,93.74,18.75,1699
"30417514","ΙΝΤΕΡΑΜΕΡΙΚΑΝ","ΑΥΤΟΚΙΝΗΤΩΝ","Ανανέωση","ΑΙΡ2146","16/07/2016","16/07/2017","ΑΙΤΩΛΟΚΑΡΝΑΝΙΑ","ΑΓΡΙΝΙΟ",241.79,165.86,33.17,1732
"30270242","ΙΝΤΕΡΑΜΕΡΙΚΑΝ","ΠΥΡΟΣ","Ανανέωση",NA,"07/10/2016","07/10/2017","ΑΙΤΩΛΟΚΑΡΝΑΝΙΑ","ΑΓΡΙΝΙΟ",181.64,134.43,34.95,1732
"ΕΟ2354","ΣΥΝΕΤΑΙΡΙΣΤΙΚΗ","ΑΥΤΟΚΙΝΗΤΩΝ","Νέο Συμβόλαιο","ΖΖΝ9043","28/12/2016","28/06/2017","ΑΤΤΙΚΗ","ΑΙΓΑΛΕΩ",127.5,88.45,17.69,1065
"1284029","ΑΤΛΑΝΤΙΚΗ ΕΝΩΣΗ","ΑΥΤΟΚΙΝΗΤΩΝ","Νέο Συμβόλαιο","ΖΖΝ9043","28/09/2016","28/12/2016","ΑΤΤΙΚΗ","ΑΙΓΑΛΕΩ",117.5,75.07,15.01,1065
"19012774523","ΙΝΤΕΡΣΑΛΟΝΙΚΑ","ΑΥΤΟΚΙΝΗΤΩΝ","Ανανέωση","ΑΙΖ8854","10/01/2016","10/04/2016","ΑΤΤΙΚΗ","ΜΑΓΟΥΛΑ",83,55.69,11.14,179
"19012774523","ΙΝΤΕΡΣΑΛΟΝΙΚΑ","ΑΥΤΟΚΙΝΗΤΩΝ","Ανανέωση","ΑΙΖ8854","10/10/2016","10/01/2017","ΑΤΤΙΚΗ","ΜΑΓΟΥΛΑ",83,55.69,11.14,179
"19012774523","ΙΝΤΕΡΣΑΛΟΝΙΚΑ","ΑΥΤΟΚΙΝΗΤΩΝ","Ανανέωση","ΑΙΖ8854","10/04/2016","10/07/2016","ΑΤΤΙΚΗ","ΜΑΓΟΥΛΑ",83,55.69,11.14,179
"212705535","ΙΝΤΕΡΣΑΛΟΝΙΚΑ","ΑΥΤΟΚΙΝΗΤΩΝ","Νέο Συμβόλαιο","ΑΙΖ8854","10/11/2015","10/01/2016","ΑΤΤΙΚΗ","ΜΑΓΟΥΛΑ",57,37.87,7.57,179
"19012774523","ΙΝΤΕΡΣΑΛΟΝΙΚΑ","ΑΥΤΟΚΙΝΗΤΩΝ","Ανανέωση","ΑΙΖ8854","10/07/2016","10/10/2016","ΑΤΤΙΚΗ","ΜΑΓΟΥΛΑ",83,55.69,11.14,179
"2242","GROUPAMA","ΟΜΑΔΙΚΕΣ","Π Πράξη Μετατροπής",NA,"01/12/2016","01/01/2017","ΑΤΤΙΚΗ","ΑΘΗΝΑ",0.01,0.01,324.41,1728
"2242","GROUPAMA","ΟΜΑΔΙΚΕΣ","Νέο Συμβόλαιο",NA,"01/12/2016","01/01/2017","ΑΤΤΙΚΗ","ΑΘΗΝΑ",5807.99,5068.94,0,1728
"GRT160000637","MONDIAL ASSISTANCE","ΠΡΟΣΩΠΙΚΩΝ ΑΤΥΧΗΜΑΤΩΝ","Νέο Συμβόλαιο",NA,"04/03/2016","06/03/2016",NA,NA,45.53,35.99,2.52,1762
"GRT160000636","MONDIAL ASSISTANCE","ΠΡΟΣΩΠΙΚΩΝ ΑΤΥΧΗΜΑΤΩΝ","Νέο Συμβόλαιο",NA,"04/03/2016","06/03/2016",NA,NA,157,124.11,8.69,1762
"11341377","GENERALI","ΖΩΗΣ","Ανανέωση",NA,"07/04/2016","07/05/2016",NA,NA,18.82,15.03,2.65,NA
"11341377","GENERALI","ΖΩΗΣ","Ανανέωση",NA,"07/05/2016","07/06/2016",NA,NA,18.82,15.03,2.65,NA
"11341377","GENERALI","ΖΩΗΣ","Ανανέωση",NA,"07/06/2016","07/07/2016",NA,NA,18.82,15.03,2.65,NA
"1000767864","Eurolife FFH","ΖΩΗΣ","Νέο Συμβόλαιο",NA,"01/07/2016","01/07/2017",NA,NA,322.49,310.45,121.21,NA
"11341377","GENERALI","ΖΩΗΣ","Ανανέωση",NA,"07/08/2016","07/09/2016",NA,NA,18.82,15.03,2.65,NA
"11341377","GENERALI","ΖΩΗΣ","Ανανέωση",NA,"07/09/2016","07/10/2016",NA,NA,18.82,15.03,2.65,NA
"11341377","GENERALI","ΖΩΗΣ","Ανανέωση",NA,"07/10/2016","07/11/2016",NA,NA,18.82,15.03,2.65,NA
"11341377","GENERALI","ΖΩΗΣ","Ανανέωση",NA,"07/11/2016","07/12/2016",NA,NA,18.82,15.03,2.65,NA
"11341377","GENERALI","ΖΩΗΣ","Ανανέωση",NA,"07/12/2016","07/01/2017",NA,NA,18.82,15.03,2.65,NA
"11341377","GENERALI","ΖΩΗΣ","Νέο Συμβόλαιο",NA,"07/03/2016","07/04/2016",NA,NA,53.55,15.03,2.65,NA
"11287326","GENERALI","ΖΩΗΣ","Ανανέωση",NA,"18/11/2016","18/05/2017",NA,NA,112.15,89.57,14.24,NA
"11287326","GENERALI","ΖΩΗΣ","Νέο Συμβόλαιο",NA,"19/11/2015","19/11/2016",NA,NA,143.71,87.04,15.37,NA
"11287523","GENERALI","ΖΩΗΣ","Ανανέωση",NA,"19/05/2016","19/11/2016",NA,NA,108.98,87.04,15.37,NA
"11287523","GENERALI","ΖΩΗΣ","Ανανέωση",NA,"19/11/2016","19/05/2017",NA,NA,110.51,89.57,14.24,NA
"11287523","GENERALI","ΖΩΗΣ","Νέο Συμβόλαιο",NA,"19/11/2015","19/11/2016",NA,NA,143.71,87.04,15.37,NA
"11330019","GENERALI","ΖΩΗΣ","Νέο Συμβόλαιο",NA,"12/02/2016","12/03/2016",NA,NA,52.07,13.74,2.33,NA
"11462530","GENERALI","ΖΩΗΣ","Νέο Συμβόλαιο",NA,"17/11/2016","17/12/2016",NA,NA,74.25,31.25,5.3,NA
"11362276","GENERALI","ΖΩΗΣ","Ανανέωση",NA,"18/05/2016","18/06/2016",NA,NA,35.94,28.54,4.92,NA
"11362276","GENERALI","ΖΩΗΣ","Ανανέωση",NA,"18/06/2016","18/07/2016",NA,NA,17.32,13.84,2.44,NA
"11362276","GENERALI","ΖΩΗΣ","Ανανέωση",NA,"18/07/2016","18/08/2016",NA,NA,17.32,13.84,2.44,NA
"11362276","GENERALI","ΖΩΗΣ","Ανανέωση",NA,"18/08/2016","18/09/2016",NA,NA,17.32,13.84,2.44,NA
"11362276","GENERALI","ΖΩΗΣ","Ανανέωση",NA,"18/09/2016","18/10/2016",NA,NA,17.32,13.84,2.44,NA
"11287326","GENERALI","ΖΩΗΣ","Ανανέωση",NA,"18/05/2016","18/11/2016",NA,NA,108.98,87.04,15.37,NA
"11330019","GENERALI","ΖΩΗΣ","Ανανέωση",NA,"12/07/2016","12/08/2016",NA,NA,17.34,13.71,2.33,NA
"11330019","GENERALI","ΖΩΗΣ","Ανανέωση",NA,"12/08/2016","12/09/2016",NA,NA,17.34,13.71,2.33,NA
"11330019","GENERALI","ΖΩΗΣ","Ανανέωση",NA,"12/09/2016","12/10/2016",NA,NA,17.34,13.71,2.33,NA
"11330019","GENERALI","ΖΩΗΣ","Ανανέωση",NA,"12/10/2016","12/11/2016",NA,NA,17.34,13.71,2.33,NA
"11330019","GENERALI","ΖΩΗΣ","Ανανέωση",NA,"12/11/2016","12/12/2016",NA,NA,17.34,13.71,2.33,NA
"136694","ΙΝΤΕΡΣΑΛΟΝΙΚΑ","ΖΩΗΣ","Π Πράξη Μετατροπής",NA,"07/10/2016","07/10/2017",NA,NA,130,96.88,25.81,NA
"11462530","GENERALI","ΖΩΗΣ","Ανανέωση",NA,"17/12/2016","17/01/2017",NA,NA,39.52,31.25,5.3,NA
"11341377","GENERALI","ΖΩΗΣ","Ανανέωση",NA,"07/07/2016","07/08/2016",NA,NA,18.82,15.03,2.65,NA
"11330019","GENERALI","ΖΩΗΣ","Ανανέωση",NA,"12/06/2016","12/07/2016",NA,NA,17.34,13.71,2.33,NA
"11330019","GENERALI","ΖΩΗΣ","Ανανέωση",NA,"12/03/2016","12/04/2016",NA,NA,17.34,13.71,2.33,NA
"11330019","GENERALI","ΖΩΗΣ","Ανανέωση",NA,"12/04/2016","12/05/2016",NA,NA,17.34,13.71,2.33,NA
"11330019","GENERALI","ΖΩΗΣ","Ανανέωση",NA,"12/05/2016","12/06/2016",NA,NA,17.34,13.71,2.33,NA
"11362276","GENERALI","ΖΩΗΣ","Ανανέωση",NA,"18/11/2016","18/12/2016",NA,NA,17.32,13.84,2.44,NA
"11362276","GENERALI","ΖΩΗΣ","Ανανέωση",NA,"18/12/2016","18/01/2017",NA,NA,17.32,13.84,2.44,NA
"11330019","GENERALI","ΖΩΗΣ","Ανανέωση",NA,"12/12/2016","12/01/2017",NA,NA,19.36,15.46,2.73,NA
"11362276","GENERALI","ΖΩΗΣ","Ανανέωση",NA,"18/10/2016","18/11/2016",NA,NA,17.32,13.84,2.44,NA
"11450809","GENERALI","ΖΩΗΣ","Νέο Συμβόλαιο",NA,"20/10/2016","20/04/2017",NA,NA,140.84,84.8,14.93,NA
"11363786","GENERALI","ΖΩΗΣ","Νέο Συμβόλαιο",NA,"20/04/2016","20/04/2017",NA,NA,513.78,410.06,82.01,NA
"11362276","GENERALI","ΖΩΗΣ","Νέο Συμβόλαιο",NA,"18/04/2016","18/05/2016",NA,NA,70.67,28.54,4.92,NA
